date,camId,species,count,confidence
2024-09-30 18:55:54,3,Bear,5,98.37
2025-11-25 23:19:53,3,Elephant,4,63.43
2025-06-19 02:06:05,3,Dear,8,74.74
2025-03-13 14:51:51,2,Bear,2,54.31
2024-04-24 01:11:27,2,Elephant,10,77.96
2024-04-24 00:46:04,2,Tiger,9,75.14
2024-02-12 11:01:07,3,Elephant,7,57.22
2025-09-25 04:11:38,2,Dear,7,72.1
2025-03-15 09:57:41,1,Lion,1,66.71
2025-06-01 14:25:30,1,Tiger,2,76.09
2024-01-16 01:08:03,2,Bear,4,79.28
2025-12-10 00:05:53,1,Dear,4,50.42
2025-08-31 12:22:24,1,Lion,3,88.05
2024-06-04 05:16:38,3,Elephant,7,85.65
2024-05-12 21:56:13,2,Lion,8,68.31
2024-05-14 01:38:55,2,Dear,2,52.65
2024-08-10 09:37:32,3,Dear,4,87.75
2025-01-18 14:19:36,1,Lion,3,97.76
2024-11-11 18:02:35,1,Elephant,2,62.01
2024-07-31 21:19:26,2,Lion,6,66.18
2025-03-23 06:20:49,1,Dear,4,59.19
2024-04-11 23:16:48,3,Dear,6,78.85
2024-08-01 13:23:08,3,Bear,2,57.74
2024-09-24 19:27:07,2,Bear,4,67.81
2024-11-29 09:17:30,3,Tiger,6,84.85
2025-07-27 23:07:36,3,Dear,5,78.01
2024-05-25 23:04:36,2,Bear,3,69.32
2025-01-10 21:43:43,3,Lion,8,71.01
2025-03-09 01:19:15,3,Elephant,7,78.11
2024-02-03 22:55:33,3,Lion,3,50.29
2025-03-20 02:46:00,1,Elephant,6,53.93
2024-05-04 15:40:30,2,Bear,4,94.06
2024-02-17 13:15:54,2,Tiger,5,53.89
2025-11-24 15:14:51,2,Lion,5,85.34
2025-12-06 21:02:53,1,Lion,7,96.0
2025-08-13 22:31:22,1,Lion,5,63.53
2024-08-10 16:08:37,2,Elephant,3,68.52
2024-03-12 09:33:34,1,Bear,10,78.45
2025-05-15 04:11:02,2,Lion,5,94.09
2024-11-17 18:02:06,1,Lion,7,97.1
2024-03-30 05:02:19,3,Tiger,5,86.98
2024-12-27 23:23:00,3,Tiger,5,54.33
2024-01-26 03:18:43,2,Bear,9,83.46
2025-10-26 17:07:00,1,Bear,3,70.52
2024-07-08 04:02:09,1,Dear,6,73.54
2025-04-29 07:17:26,3,Tiger,1,52.46
2024-08-15 20:39:32,3,Dear,10,59.55
2025-01-15 04:04:23,1,Elephant,5,89.53
2025-02-03 15:29:05,1,Dear,8,72.7
2024-05-15 03:05:11,1,Lion,5,65.08
2025-12-09 18:23:32,1,Dear,9,69.2
2025-07-20 14:55:48,1,Bear,6,92.72
2025-11-17 18:34:09,1,Elephant,8,87.45
2025-10-16 02:51:02,2,Lion,10,63.62
2025-03-13 01:33:25,1,Dear,8,55.88
2025-11-04 21:21:40,3,Elephant,3,62.6
2024-03-05 16:30:44,2,Elephant,7,96.04
2024-05-23 06:19:23,1,Lion,7,79.08
2024-02-03 01:28:03,3,Dear,10,76.67
2024-08-25 19:35:42,2,Elephant,6,79.82
2024-10-11 02:57:15,3,Elephant,7,68.3
2024-07-17 08:32:50,1,Tiger,2,90.36
2025-08-28 19:22:14,1,Elephant,9,76.16
2024-09-17 18:52:48,1,Tiger,10,55.84
2024-07-24 08:42:53,1,Dear,10,56.45
2025-01-31 17:03:35,2,Dear,1,76.84
2024-04-13 00:22:28,2,Dear,1,96.83
2025-08-09 09:44:36,3,Bear,3,65.42
2024-02-24 11:54:59,1,Dear,3,93.48
2025-12-22 09:56:38,3,Elephant,1,88.2
2025-07-18 12:15:43,2,Lion,7,62.39
2024-05-25 06:16:04,1,Tiger,4,51.82
2024-01-05 00:52:48,1,Bear,10,55.09
2025-08-19 02:27:18,2,Dear,2,86.42
2025-05-31 17:06:18,2,Dear,10,59.98
2025-06-16 21:42:05,2,Lion,5,68.56
2025-07-17 19:10:00,2,Lion,6,75.08
2024-02-24 03:02:21,2,Bear,9,86.27
2024-09-19 00:55:21,1,Tiger,4,55.66
2024-03-25 16:48:24,2,Dear,2,70.32
2025-09-22 22:17:10,1,Bear,5,74.25
2025-03-31 15:08:31,1,Elephant,3,77.04
2024-08-29 21:16:29,2,Elephant,2,90.92
2024-02-16 11:04:03,2,Bear,1,58.58
2024-08-15 07:52:25,1,Dear,10,90.39
2024-08-25 17:00:58,2,Bear,2,84.64
2025-06-17 08:12:38,2,Dear,6,77.79
2025-04-11 01:18:29,2,Lion,8,84.98
2025-10-10 13:15:36,3,Bear,3,70.6
2024-12-11 04:32:18,1,Dear,9,56.92
2024-03-28 10:09:41,3,Bear,9,83.29
2025-06-05 09:09:58,2,Bear,2,76.23
2025-07-10 03:12:45,3,Dear,8,81.97
2025-02-14 07:02:49,2,Dear,10,66.9
2025-07-17 13:50:52,3,Tiger,5,95.34
2024-12-26 23:08:59,2,Bear,4,79.37
2025-01-17 02:49:28,3,Elephant,10,54.27
2024-11-08 12:46:46,3,Bear,5,72.49
2024-01-19 13:57:11,3,Bear,4,87.82
2024-03-19 20:50:49,1,Dear,8,89.71
2024-01-23 23:23:37,3,Bear,4,74.73
2025-04-10 05:11:02,1,Bear,10,94.74
2024-08-17 19:03:40,2,Elephant,6,63.38
2025-01-06 18:21:50,3,Dear,2,70.53
2025-10-25 10:20:45,2,Bear,5,94.93
2024-07-01 05:34:58,2,Lion,6,94.81
2024-10-26 23:45:28,3,Tiger,5,84.29
2025-07-06 07:23:20,1,Elephant,2,92.95
2024-06-16 06:02:05,3,Bear,7,54.44
2024-02-26 06:32:07,2,Lion,4,93.25
2024-07-30 19:23:57,2,Bear,8,66.03
2024-04-27 20:27:58,3,Bear,7,58.92
2025-11-10 14:36:55,1,Dear,7,61.97
2025-08-13 17:39:49,1,Dear,9,70.9
2025-04-08 00:26:07,2,Dear,1,62.56
2025-09-29 00:54:15,2,Lion,10,66.03
2025-08-10 11:37:21,1,Bear,6,56.75
2024-05-16 09:11:06,3,Tiger,6,64.81
2025-10-14 11:03:17,2,Elephant,6,78.61
2025-01-29 06:13:12,1,Dear,6,72.09
2025-08-13 05:43:47,2,Dear,10,67.34
2025-10-17 01:01:31,3,Bear,7,87.32
2024-08-20 11:03:10,1,Bear,10,94.68
2024-03-21 10:45:03,2,Lion,6,87.84
2024-06-15 14:53:39,3,Lion,1,66.6
2024-11-08 05:10:44,2,Dear,3,87.22
2025-08-20 23:15:02,3,Bear,2,57.6
2025-09-21 04:39:25,3,Tiger,6,56.52
2024-01-06 01:58:05,1,Elephant,8,67.28
2025-01-08 08:33:01,3,Bear,3,90.39
2024-11-01 03:03:30,2,Bear,10,62.32
2024-06-11 08:39:33,3,Lion,8,53.16
2024-03-28 14:55:04,3,Elephant,8,56.59
2024-09-03 19:07:13,1,Dear,5,92.94
2025-11-20 06:24:27,3,Bear,8,81.69
2024-08-24 06:16:19,3,Dear,6,62.66
2025-01-14 05:39:45,2,Bear,5,77.76
2025-05-28 21:45:51,1,Dear,9,76.38
2024-09-22 19:31:03,1,Elephant,7,82.77
2025-12-11 08:56:40,1,Lion,8,61.66
2025-12-04 13:10:30,3,Elephant,1,93.22
2024-07-03 01:16:06,1,Tiger,2,65.47
2024-12-29 11:43:39,3,Lion,8,84.71
2024-08-07 22:36:32,3,Elephant,9,50.81
2024-07-27 05:14:29,2,Tiger,4,68.63
2024-01-27 23:08:40,2,Bear,10,67.59
2025-03-21 14:11:47,2,Bear,10,77.17
2025-01-02 11:00:02,2,Dear,9,53.64
2024-02-07 15:08:35,2,Lion,4,89.51
2024-07-22 16:34:24,3,Bear,10,60.89
2025-10-25 22:36:59,3,Lion,10,83.85
2024-06-24 02:52:25,1,Bear,10,90.16
2024-04-15 22:02:08,3,Dear,9,78.09
2024-12-23 18:57:32,3,Elephant,7,87.04
2025-12-21 12:15:04,2,Dear,2,83.09
2024-06-25 22:37:03,3,Tiger,9,67.78
2025-05-06 07:56:45,2,Bear,4,90.44
2025-07-10 17:51:15,1,Tiger,8,64.74
2024-06-22 17:06:46,1,Tiger,7,78.56
2025-06-16 07:49:38,3,Lion,7,87.27
2024-09-25 20:23:13,1,Bear,8,68.95
2025-04-07 05:10:23,3,Tiger,1,65.14
2025-04-08 02:38:42,1,Elephant,5,72.97
2025-01-26 15:37:51,2,Tiger,2,90.9
2024-03-07 00:02:37,2,Elephant,2,96.5
2025-09-02 14:32:48,2,Lion,1,77.25
2024-08-22 11:45:55,2,Tiger,5,83.07
2024-05-16 08:16:50,3,Dear,2,95.16
2024-01-30 19:21:32,1,Lion,4,54.93
2025-03-07 22:37:32,3,Elephant,3,61.6
2025-05-10 07:11:20,2,Lion,3,85.45
2024-01-13 03:01:00,3,Tiger,2,91.19
2025-01-09 08:09:37,1,Bear,6,92.85
2024-06-14 13:38:30,3,Bear,2,70.76
2025-04-16 14:54:40,1,Elephant,8,54.47
2024-05-07 11:05:04,3,Elephant,8,71.89
2025-05-20 01:48:41,1,Bear,5,61.54
2024-10-09 16:53:05,1,Elephant,10,64.56
2025-11-15 17:59:26,2,Lion,7,88.61
2024-04-10 12:40:02,1,Dear,4,53.78
2024-09-06 07:40:04,2,Dear,1,91.38
2024-03-23 22:46:45,2,Lion,2,71.38
2025-11-06 22:49:28,2,Dear,10,79.8
2025-10-03 08:02:28,3,Tiger,10,54.48
2024-07-07 13:19:40,3,Lion,4,66.87
2025-04-27 10:45:35,3,Elephant,1,54.49
2025-08-20 09:20:45,3,Lion,8,98.08
2025-02-09 20:26:34,1,Bear,9,90.36
2025-01-22 04:11:22,1,Elephant,4,72.98
2024-06-25 19:03:23,3,Bear,10,61.18
2024-03-09 01:23:41,1,Elephant,3,96.67
2025-10-17 20:45:10,1,Dear,2,67.23
2025-10-20 04:56:02,2,Lion,5,58.05
2025-04-07 19:07:54,2,Tiger,3,78.16
2024-09-04 19:56:18,2,Elephant,10,97.19
2024-09-12 06:31:57,2,Elephant,7,50.19
2025-06-14 16:09:58,1,Bear,6,61.91
2025-10-17 18:54:07,3,Dear,1,96.92
2025-10-10 11:02:38,1,Bear,8,58.55
2025-07-24 02:08:10,1,Bear,2,55.66
2025-04-14 07:48:10,1,Dear,5,78.51
2024-03-02 12:09:05,2,Tiger,9,93.09
2024-04-28 03:36:50,2,Bear,8,73.86
2025-10-18 20:14:03,2,Bear,2,99.73
2025-03-19 07:11:28,3,Elephant,9,83.96
2024-01-07 17:21:11,1,Dear,5,53.7
2024-03-15 04:13:00,3,Lion,10,99.64
2025-04-30 00:28:29,2,Tiger,6,70.39
2024-01-04 16:48:01,3,Tiger,3,64.37
2024-04-27 13:12:59,1,Dear,3,77.89
2025-02-05 02:59:07,1,Elephant,10,65.22
2025-05-20 18:36:32,2,Elephant,8,54.32
2025-04-21 14:00:29,2,Dear,10,50.07
2024-06-12 22:34:50,3,Elephant,10,72.48
2025-06-04 14:28:19,2,Tiger,2,91.84
2024-06-22 10:17:52,2,Tiger,2,78.62
2024-08-25 20:48:43,1,Lion,5,99.96
2025-06-29 16:26:42,2,Dear,6,64.34
2025-04-19 21:09:33,2,Bear,2,64.02
2025-09-12 18:46:31,1,Bear,5,57.99
2025-04-25 17:09:37,1,Lion,7,58.2
2025-02-19 10:24:21,3,Lion,10,64.26
2024-03-09 11:25:48,2,Elephant,10,89.64
2024-09-25 19:12:21,1,Lion,8,95.29
2024-07-12 20:42:36,3,Lion,7,98.75
2024-06-27 08:33:15,3,Bear,8,61.61
2025-12-12 06:29:48,2,Elephant,9,94.06
2024-10-14 08:30:22,2,Lion,5,66.41
2025-10-14 02:03:52,3,Lion,5,55.64
2025-04-06 08:41:45,1,Elephant,10,93.5
2025-08-04 00:10:09,3,Dear,4,81.81
2025-01-02 10:15:54,2,Elephant,9,58.24
2025-02-25 17:12:05,1,Bear,5,71.49
2024-12-26 00:43:49,1,Dear,2,64.36
2024-05-22 17:20:34,3,Tiger,10,86.84
2025-06-12 02:41:58,2,Elephant,8,72.67
2024-07-24 05:52:12,3,Bear,7,99.46
2024-01-18 18:35:57,3,Dear,8,52.74
2025-04-16 20:09:56,3,Elephant,3,67.75
2024-05-09 11:13:46,1,Lion,4,74.1
2025-11-18 11:24:18,1,Elephant,5,75.16
2025-11-28 07:43:21,2,Tiger,6,65.8
2025-10-30 18:22:50,2,Elephant,1,86.46
2024-09-27 14:03:50,3,Dear,4,93.74
2024-01-12 07:10:15,3,Dear,10,96.94
2025-11-09 14:25:14,3,Elephant,5,90.25
2024-11-09 00:03:45,2,Dear,7,92.53
2025-12-07 14:59:30,1,Lion,5,77.53
2025-12-05 09:44:54,1,Elephant,1,91.29
2025-09-15 13:11:51,3,Lion,7,65.18
2024-08-03 05:48:40,3,Lion,8,69.92
2024-10-08 12:09:15,3,Bear,7,65.85
2025-09-14 04:20:29,3,Elephant,4,73.37
2024-08-19 16:04:46,2,Dear,8,64.28
2024-05-03 21:34:50,1,Lion,5,98.08
2025-02-11 00:31:16,3,Bear,10,65.64
2025-11-15 07:53:56,2,Elephant,9,54.9
2025-05-23 19:08:47,3,Elephant,10,76.34
2025-02-20 17:09:10,3,Tiger,5,52.85
2024-03-12 00:51:51,1,Tiger,1,55.53
2025-03-25 13:41:11,3,Lion,9,60.97
2025-12-24 17:30:16,1,Tiger,5,73.22
2024-04-12 09:38:02,1,Lion,6,71.66
2025-01-13 21:34:30,1,Dear,4,89.98
2025-10-03 08:37:58,2,Lion,6,86.97
2025-06-25 12:02:39,2,Tiger,8,71.32
2025-05-24 12:26:38,1,Dear,3,66.69
2025-05-28 12:22:50,3,Tiger,5,65.82
2024-09-19 18:54:45,1,Lion,2,88.7
2024-08-02 14:46:30,3,Bear,2,52.6
2025-08-14 15:25:54,1,Elephant,7,50.64
2025-08-15 04:37:45,3,Tiger,10,89.78
2025-09-25 19:54:59,2,Lion,10,73.86
2025-10-29 13:53:31,3,Dear,10,56.54
2025-01-08 18:59:27,1,Tiger,6,61.78
2025-01-01 14:36:06,2,Tiger,4,96.63
2025-08-06 13:17:25,3,Elephant,5,92.98
2025-04-20 02:58:01,3,Lion,1,85.49
2025-05-28 03:18:24,3,Bear,7,74.11
2025-08-04 17:23:10,3,Dear,8,76.02
2025-10-12 14:15:12,3,Lion,9,98.76
2024-09-04 01:47:12,2,Dear,8,98.29
2024-10-01 13:13:37,2,Tiger,5,60.76
2024-03-09 16:49:08,2,Elephant,3,90.56
2025-02-26 17:20:47,2,Elephant,10,59.86
2024-01-27 06:34:16,1,Bear,9,60.68
2024-12-06 08:27:05,2,Elephant,6,83.8
2025-01-31 16:09:26,3,Tiger,5,70.25
2024-07-28 11:04:46,3,Bear,3,96.58
2025-03-07 21:34:42,2,Lion,6,54.45
2024-01-23 07:05:46,3,Elephant,3,75.58
2024-01-28 07:14:11,2,Bear,10,95.93
2025-08-24 07:42:14,3,Tiger,6,95.21
2024-09-20 07:11:04,1,Dear,4,57.83
2024-04-02 21:08:58,1,Dear,2,68.33
2025-01-16 18:14:08,2,Tiger,8,80.96
2025-07-16 20:46:00,2,Tiger,4,57.97
2024-06-06 18:21:50,2,Dear,9,98.4
2025-03-31 07:59:25,3,Bear,7,95.74
2024-03-03 09:20:09,2,Dear,2,58.35
2024-02-07 18:42:14,1,Tiger,4,56.06
2025-01-23 10:05:07,3,Elephant,5,54.27
2025-01-30 04:54:08,2,Lion,3,95.47
2025-04-10 23:04:12,3,Elephant,9,59.68
2025-06-14 18:32:46,3,Elephant,5,70.81
2025-12-14 08:20:54,2,Tiger,2,72.44
2025-01-12 09:58:23,3,Dear,3,79.95
2024-08-24 01:56:53,1,Bear,9,53.59
2025-08-04 06:44:46,1,Elephant,7,61.34
2024-07-16 23:28:51,3,Dear,2,96.57
2024-11-16 21:18:52,2,Bear,9,95.42
2024-02-27 08:26:19,3,Elephant,4,89.06
2024-01-19 12:45:12,1,Bear,9,50.97
2025-12-04 16:42:12,3,Dear,2,66.35
2025-09-03 02:26:06,3,Lion,10,81.4
2025-05-23 18:10:16,1,Dear,4,63.76
2024-10-25 22:40:13,3,Tiger,5,95.48
2024-05-06 16:16:31,3,Bear,2,81.69
2024-04-24 08:31:53,2,Lion,10,53.6
2024-07-01 22:15:40,2,Bear,1,95.45
2025-02-05 11:37:56,1,Bear,7,97.89
2025-06-06 08:52:14,1,Elephant,10,53.89
2025-04-27 14:30:09,1,Tiger,1,76.62
2024-07-23 15:09:36,2,Bear,8,65.17
2025-11-29 00:09:22,1,Dear,3,69.64
2025-06-23 09:39:47,1,Dear,10,58.98
2025-02-09 05:35:14,1,Elephant,6,78.9
2025-03-23 04:01:42,2,Tiger,7,97.9
2024-11-02 17:27:48,3,Tiger,10,75.15
2024-06-30 02:11:32,1,Dear,1,54.15
2024-09-17 05:11:04,3,Lion,6,81.0
2025-07-07 23:39:07,1,Elephant,7,67.01
2024-01-11 12:31:09,3,Elephant,6,92.8
2024-03-25 20:22:42,2,Dear,4,71.73
2024-02-03 15:04:13,2,Dear,1,59.64
2024-01-30 18:32:45,1,Lion,9,59.56
2025-09-17 08:12:00,3,Lion,4,88.44
2025-05-29 08:58:23,2,Tiger,7,63.28
2024-12-12 14:54:19,1,Elephant,7,88.36
2024-03-12 12:24:08,1,Elephant,2,60.29
2024-12-25 08:54:31,2,Dear,1,66.08
2024-12-12 02:35:19,2,Tiger,8,73.27
2024-05-06 14:39:12,1,Elephant,8,97.16
2024-11-13 03:29:35,3,Tiger,7,96.59
2024-10-18 07:22:01,3,Tiger,8,60.34
2025-03-26 04:28:26,3,Dear,3,67.91
2025-04-09 06:04:58,1,Tiger,2,57.47
2024-02-03 02:48:48,2,Lion,7,75.5
2024-09-30 20:12:12,1,Lion,8,73.03
2025-04-02 12:05:10,2,Bear,1,95.04
2025-01-02 19:01:20,3,Dear,10,96.5
2025-09-18 02:15:27,3,Bear,9,69.18
2025-04-26 12:07:15,2,Lion,4,74.59
2024-04-29 02:31:17,2,Bear,4,94.81
2024-02-21 14:03:29,1,Dear,3,90.34
2025-04-14 14:36:13,3,Dear,6,50.18
2024-01-20 09:06:51,1,Tiger,1,66.0
2025-03-04 04:50:47,1,Elephant,6,71.09
2025-11-18 07:23:56,1,Tiger,2,61.49
2025-02-24 16:07:07,3,Dear,9,59.98
2024-10-10 18:03:11,1,Lion,2,51.89
2025-04-15 05:50:53,1,Lion,7,82.17
2024-11-30 23:35:18,1,Tiger,1,63.13
2025-02-02 20:18:02,1,Dear,7,52.62
2025-11-19 05:03:30,1,Lion,5,61.55
2024-10-09 05:47:04,1,Dear,8,90.1
2025-12-03 15:07:37,3,Lion,4,92.57
2025-10-23 19:28:17,1,Dear,10,74.15
2024-05-23 02:57:34,2,Bear,7,70.8
2024-02-20 16:52:28,1,Dear,6,98.89
2024-03-14 16:02:57,1,Dear,5,60.03
2024-01-14 07:41:01,3,Tiger,4,60.77
2024-03-10 00:54:26,3,Bear,7,64.59
2025-05-14 06:40:14,2,Elephant,5,58.64
2024-02-22 00:56:01,2,Tiger,5,68.97
2024-08-21 04:06:30,3,Elephant,1,95.54
2025-09-09 14:29:31,3,Lion,2,80.77
2024-01-18 00:16:58,1,Elephant,5,70.6
2025-08-18 09:02:05,3,Dear,3,96.72
2024-07-25 00:51:36,2,Elephant,2,52.42
2024-03-27 09:05:01,1,Tiger,4,60.51
2025-05-24 07:33:23,2,Tiger,4,78.29
2025-04-04 18:10:23,1,Elephant,4,80.78
2025-10-03 10:22:07,3,Tiger,4,51.98
2025-06-21 08:05:10,2,Tiger,3,70.15
2025-08-10 08:16:09,1,Elephant,7,82.46
2024-07-25 04:00:52,1,Bear,9,84.9
2024-05-09 16:59:57,3,Bear,5,81.91
2025-07-02 16:47:05,3,Lion,4,66.03
2025-08-12 19:06:30,3,Tiger,2,54.68
2025-12-25 01:25:18,2,Elephant,2,71.36
2024-10-28 14:57:51,1,Tiger,5,56.44
2024-09-28 22:41:06,3,Dear,7,97.38
2025-07-21 13:23:19,2,Tiger,10,73.76
2024-09-06 03:03:25,2,Tiger,10,65.86
2025-11-11 09:12:22,2,Bear,9,88.32
2025-09-19 11:59:35,3,Elephant,7,74.9
2024-11-09 14:16:15,3,Tiger,5,65.5
2025-07-02 21:16:54,1,Bear,10,90.6
2025-07-05 13:41:59,1,Lion,10,93.36
2024-03-16 09:12:18,3,Bear,10,83.65
2025-10-21 18:23:16,2,Bear,6,52.35
2025-01-04 08:08:50,2,Bear,3,78.32
2025-08-27 03:22:10,2,Tiger,5,88.16
2024-08-21 22:57:00,1,Tiger,8,56.83
2025-10-16 15:03:33,2,Lion,1,61.43
2024-10-11 12:09:14,1,Dear,1,94.12
2024-01-08 22:08:08,1,Dear,7,51.01
2025-10-23 20:01:16,2,Dear,5,87.64
2024-03-07 17:32:00,2,Lion,5,73.69
2024-08-21 10:02:18,3,Dear,1,72.34
2025-11-25 11:53:12,3,Dear,9,50.35
2025-11-25 21:27:05,2,Bear,1,90.97
2025-02-23 04:23:38,1,Tiger,5,67.99
2025-04-06 20:57:06,1,Tiger,10,77.04
2024-11-23 19:31:41,1,Bear,9,83.87
2024-08-02 08:05:22,1,Bear,4,85.13
2024-08-28 06:05:26,1,Bear,8,97.8
2025-05-06 14:39:48,3,Tiger,6,76.57
2025-07-03 23:39:30,2,Dear,3,69.99
2025-08-01 15:27:45,3,Bear,4,97.69
2025-07-31 05:03:37,1,Lion,2,82.11
2024-03-07 16:07:11,1,Bear,1,64.91
2024-12-27 10:06:34,1,Elephant,8,56.32
2024-02-12 01:48:39,1,Bear,1,92.13
2025-02-05 16:56:04,2,Tiger,1,68.11
2024-11-18 18:12:39,1,Bear,4,83.02
2025-10-10 21:52:54,2,Elephant,10,73.54
2024-09-13 12:27:10,1,Lion,10,59.95
2024-03-26 13:49:25,2,Dear,6,80.08
2024-04-14 12:38:45,3,Bear,9,53.03
2025-07-10 15:56:32,1,Elephant,1,70.67
2025-03-27 22:01:03,2,Elephant,7,77.33
2024-03-14 22:05:46,3,Lion,10,71.8
2024-03-02 11:34:11,1,Tiger,5,87.43
2025-05-27 09:48:08,1,Bear,8,91.4
2024-02-23 04:33:14,1,Elephant,7,88.56
2025-08-23 18:42:45,2,Lion,4,51.94
2025-05-31 06:18:48,2,Dear,4,59.71
2024-02-29 11:10:58,3,Elephant,6,76.83
2024-03-03 00:23:34,2,Lion,6,96.74
2025-12-22 05:36:16,2,Tiger,9,91.75
2024-09-30 14:12:24,1,Tiger,5,92.13
2024-09-27 22:32:44,1,Elephant,8,65.16
2025-08-17 03:45:19,1,Elephant,5,71.47
2025-11-23 10:31:43,1,Bear,2,73.54
2025-12-21 18:24:08,1,Lion,6,57.87
2025-07-04 17:16:00,1,Elephant,9,51.55
2024-10-02 01:05:53,1,Bear,3,97.35
2024-03-02 00:56:11,3,Bear,1,62.04
2025-07-22 02:15:54,3,Elephant,1,62.0
2025-02-12 04:38:38,3,Tiger,3,54.17
2024-11-06 02:33:02,3,Lion,10,96.43
2025-10-24 13:04:51,1,Lion,5,78.99
2024-03-22 06:50:54,3,Tiger,3,83.35
2024-12-26 02:36:52,1,Elephant,9,95.58
2024-01-09 07:11:18,3,Lion,8,67.28
2024-12-08 14:10:55,2,Elephant,3,81.08
2024-02-11 03:47:04,3,Elephant,9,51.94
2024-03-27 20:32:29,3,Bear,6,59.34
2024-03-26 21:52:49,1,Tiger,7,91.56
2025-04-19 13:44:43,3,Elephant,4,88.34
2025-06-29 08:36:40,2,Dear,4,67.53
2025-03-02 10:37:17,1,Tiger,2,68.84
2025-12-04 08:21:17,1,Lion,5,76.68
2024-10-01 00:43:45,3,Bear,8,50.01
2024-07-27 20:31:57,1,Lion,7,62.06
2025-09-26 22:42:10,1,Lion,7,60.41
2024-06-12 10:45:55,1,Tiger,6,62.52
2025-12-05 02:46:33,1,Lion,3,90.3
2024-01-09 21:14:17,1,Elephant,5,63.98
2025-12-09 23:33:13,1,Lion,1,59.58
2024-02-01 13:11:50,2,Bear,7,75.21
2025-10-13 10:12:52,3,Bear,9,93.28
2025-01-20 17:59:17,2,Dear,1,62.07
2025-12-26 20:34:26,1,Bear,2,53.93
2024-02-23 22:41:12,1,Lion,3,67.82
2025-02-08 20:49:09,3,Bear,3,87.38
2025-12-09 13:26:36,2,Tiger,8,77.53
2025-01-17 09:13:42,3,Bear,7,90.84
2025-04-05 02:10:10,2,Elephant,6,97.98
2025-05-23 14:12:53,1,Tiger,10,89.63
2024-11-28 06:28:05,3,Dear,10,80.19
2025-04-03 17:52:43,3,Elephant,4,74.67
2025-03-03 03:12:36,1,Lion,9,52.0
2025-10-20 17:54:57,3,Lion,1,99.22
2024-02-03 05:18:40,2,Lion,2,69.17
2024-07-24 09:13:05,2,Elephant,4,57.61
2025-11-25 18:01:07,2,Elephant,3,83.34
2025-10-12 18:47:15,2,Elephant,1,64.21
2024-11-29 02:02:30,1,Tiger,5,79.29
2025-03-29 07:36:22,3,Tiger,7,79.34
2024-07-21 18:22:31,2,Lion,2,72.29
2024-05-17 12:23:51,1,Bear,5,91.81
2024-12-04 23:07:28,3,Lion,6,63.25
2024-09-15 07:12:41,3,Dear,7,72.43
2025-03-02 15:39:45,1,Tiger,1,76.88
2024-02-26 19:46:35,1,Elephant,7,83.18
2025-12-13 06:46:56,2,Tiger,4,89.2
2025-12-21 22:04:51,3,Elephant,8,69.74
2025-05-25 08:32:56,3,Dear,4,82.3
2025-01-26 21:16:28,1,Dear,6,57.53
2024-08-14 06:21:08,3,Tiger,9,96.63
2025-08-17 21:13:10,2,Elephant,5,69.15
2025-05-15 12:55:24,3,Dear,4,86.48
2024-04-28 20:57:05,1,Lion,8,51.02
2025-10-27 21:18:22,1,Lion,9,60.26
2025-08-24 06:35:35,2,Elephant,4,74.35
2025-11-25 07:17:21,2,Tiger,3,93.91
2025-06-14 12:01:22,3,Dear,8,76.36
2025-03-24 09:45:21,3,Tiger,5,96.49
2024-11-01 17:39:20,1,Lion,2,74.19
2025-11-12 19:47:17,2,Dear,10,74.52
2025-09-25 02:13:28,2,Tiger,9,55.99
2024-02-03 01:18:58,2,Bear,3,90.13
2024-01-20 06:34:55,3,Elephant,2,62.35
2024-10-02 04:40:23,2,Elephant,1,94.98
2025-08-15 12:20:50,1,Bear,8,95.54
2025-12-22 16:46:19,1,Lion,3,97.17
2024-04-19 22:54:50,3,Dear,7,76.01
2025-03-10 07:25:44,3,Elephant,1,83.85
2024-10-05 10:20:56,2,Bear,1,88.93
2025-12-10 00:10:40,3,Bear,9,56.55
2025-09-07 14:08:02,1,Lion,8,80.05
2025-09-04 19:38:18,2,Lion,3,51.71
2024-12-08 14:45:09,1,Tiger,6,74.88
2024-10-30 05:35:35,2,Elephant,3,57.74
2024-07-18 20:39:12,3,Tiger,4,59.15
2024-02-11 05:03:06,2,Bear,1,68.25
2025-09-24 02:41:20,2,Dear,5,71.62
2025-08-17 05:32:06,1,Dear,1,81.16
2025-12-31 19:02:47,1,Lion,1,53.72
2025-12-29 12:59:47,2,Dear,10,75.18
2025-02-10 00:29:37,3,Dear,7,59.13
2025-07-16 03:06:53,3,Dear,6,78.7
2025-11-21 14:58:10,1,Bear,2,81.87
2025-09-13 02:12:48,3,Dear,2,77.84
2024-06-29 19:28:30,1,Dear,7,86.91
2024-11-25 08:20:46,3,Dear,1,66.78
2024-04-04 09:58:21,2,Tiger,2,88.26
2025-11-28 09:52:15,1,Bear,8,71.64
2025-03-19 02:43:39,1,Lion,6,74.21
2024-06-16 03:18:33,2,Tiger,2,82.41
2025-05-06 00:18:59,1,Elephant,7,50.92
2025-03-27 20:26:30,3,Bear,4,82.7
2024-09-18 19:36:23,3,Bear,2,80.93
2024-03-24 00:15:15,1,Elephant,6,65.49
2025-05-05 22:04:47,3,Elephant,9,54.29
2025-01-15 08:16:41,1,Elephant,9,54.55
2025-07-18 13:33:13,2,Lion,8,96.16
2025-01-15 05:44:53,1,Dear,3,84.46
2025-09-14 22:40:19,2,Bear,3,56.36
2025-02-07 10:39:12,3,Dear,2,67.84
2025-02-14 01:05:44,2,Dear,5,79.62
2025-10-02 20:00:38,3,Elephant,4,91.78
2024-10-21 22:42:11,1,Lion,7,52.18
2024-04-07 23:09:47,3,Tiger,4,61.83
2024-01-22 00:57:47,1,Lion,9,94.49
2025-07-06 00:07:40,1,Dear,2,50.46
2025-03-29 10:42:38,2,Lion,6,60.07
2025-05-29 16:22:30,2,Elephant,7,97.95
2024-06-04 16:14:35,2,Tiger,4,80.67
2024-04-09 16:30:04,2,Elephant,6,63.08
2024-01-11 15:10:17,3,Tiger,7,53.35
2024-09-13 06:42:28,3,Dear,4,51.41
2025-03-07 05:30:56,3,Tiger,8,62.24
2024-10-13 17:31:45,1,Tiger,9,94.07
2024-11-15 19:03:35,3,Tiger,1,70.8
2025-10-22 22:33:35,3,Lion,7,86.02
2024-09-11 13:47:37,3,Lion,9,95.91
2025-01-10 17:25:53,2,Dear,10,70.4
2025-07-26 20:24:29,3,Tiger,5,59.56
2024-10-16 20:56:47,1,Bear,2,75.86
2025-03-30 17:53:20,2,Dear,10,95.4
2025-09-22 09:18:31,1,Tiger,6,90.22
2025-11-25 02:23:22,3,Tiger,7,53.29
2024-04-17 12:15:25,2,Lion,2,84.63
2025-11-08 08:03:10,1,Dear,2,78.59
2024-12-25 17:41:17,3,Tiger,10,95.37
2024-07-07 18:38:22,1,Tiger,10,56.12
2024-12-01 15:04:39,1,Dear,1,76.7
2025-12-17 09:41:28,1,Bear,4,93.97
2024-12-26 02:29:30,3,Dear,7,70.5
2024-08-28 07:37:05,3,Dear,9,74.1
2025-04-08 00:23:03,1,Bear,3,53.52
2024-06-24 13:06:52,2,Dear,7,63.91
2024-02-25 10:56:46,2,Tiger,7,66.23
2024-04-04 05:03:56,3,Dear,7,97.26
2024-04-03 14:26:10,3,Bear,2,64.13
2024-04-21 00:58:50,3,Elephant,6,73.04
2024-04-11 11:35:01,3,Dear,2,83.57
2025-04-13 11:30:22,3,Lion,6,58.11
2024-05-12 22:54:14,2,Tiger,10,74.32
2024-09-09 16:23:12,3,Tiger,3,86.93
2025-10-17 13:15:20,1,Lion,2,93.34
2024-12-12 11:10:58,1,Lion,6,81.31
2025-05-02 23:37:58,2,Dear,2,83.45
2024-05-05 23:10:47,1,Lion,5,56.31
2024-05-20 13:31:06,2,Elephant,2,97.29
2024-01-30 20:59:56,2,Bear,3,56.63
2024-05-03 11:47:48,1,Lion,3,88.73
2024-07-22 15:35:19,3,Lion,6,63.24
2024-05-09 09:28:18,1,Elephant,6,96.68
2024-03-05 20:11:50,1,Tiger,10,86.0
2024-03-29 04:26:08,2,Tiger,3,87.69
2024-12-02 19:54:09,1,Dear,3,60.95
2024-05-30 19:55:07,2,Elephant,1,72.15
2024-09-23 06:45:01,3,Bear,7,80.89
2025-01-02 23:57:08,3,Bear,8,88.5
2025-05-19 16:17:12,3,Elephant,2,55.2
2024-01-29 17:41:31,1,Bear,4,98.12
2025-08-07 08:51:20,2,Tiger,10,94.51
2025-04-03 23:53:03,3,Bear,7,63.52
2024-02-29 18:22:49,2,Bear,8,91.14
2025-09-30 14:03:47,2,Elephant,1,75.92
2025-11-04 03:47:06,3,Elephant,4,73.09
2024-02-14 15:33:06,3,Bear,6,65.72
2024-07-21 09:32:28,2,Lion,3,79.05
2025-08-12 07:59:42,3,Elephant,5,86.49
2025-06-30 23:28:04,2,Dear,10,70.55
2024-05-14 21:14:12,2,Dear,9,81.46
2024-06-02 00:49:28,3,Tiger,3,84.97
2024-09-27 19:33:44,1,Bear,5,85.56
2024-12-20 04:28:16,3,Lion,8,52.6
2025-03-27 22:39:41,1,Tiger,6,92.99
2024-09-26 16:13:14,2,Bear,4,72.91
2024-12-04 02:42:32,2,Elephant,8,63.12
2025-06-30 09:37:47,1,Dear,3,62.09
2024-01-27 19:34:12,2,Lion,3,74.15
2024-07-03 12:45:13,1,Dear,4,94.34
2025-06-05 11:00:17,1,Elephant,9,68.92
2025-10-16 09:30:30,2,Bear,5,87.49
2025-01-09 00:52:08,1,Elephant,8,54.84
2025-01-23 23:23:55,3,Elephant,6,73.8
2024-03-19 08:13:32,3,Dear,3,99.58
2024-11-23 01:24:08,2,Lion,8,88.52
2025-01-24 08:14:13,2,Elephant,9,60.53
2024-06-26 05:54:08,1,Dear,8,75.07
2024-07-15 19:36:11,1,Lion,4,61.68
2024-10-02 19:04:23,1,Bear,6,70.48
2024-01-15 16:07:44,1,Bear,1,89.0
2024-08-23 10:33:24,3,Tiger,4,88.56
2024-06-03 13:38:37,3,Dear,8,61.41
2024-08-27 09:36:48,2,Lion,1,96.11
2024-03-28 13:06:24,1,Elephant,3,79.63
2025-10-12 23:24:37,1,Bear,1,69.0
2025-03-09 21:59:09,2,Lion,9,75.1
2025-05-11 10:10:15,1,Dear,2,80.25
2025-07-30 21:13:11,1,Tiger,9,77.99
2024-12-30 08:40:11,1,Bear,4,74.32
2024-03-04 12:55:46,1,Lion,2,75.25
2025-01-27 14:59:49,1,Lion,4,58.82
2025-03-04 23:32:25,2,Lion,10,90.64
2025-06-28 21:59:23,1,Dear,6,77.09
2024-11-11 13:02:05,2,Dear,7,56.55
2024-04-03 06:16:07,1,Dear,3,88.31
2024-07-26 10:33:51,3,Elephant,3,96.62
2024-09-22 09:54:56,3,Lion,10,97.37
2025-04-17 03:58:18,3,Bear,8,68.45
2025-02-21 05:44:03,3,Dear,5,56.78
2024-09-17 07:21:39,2,Dear,4,75.92
2025-12-22 03:25:23,2,Lion,7,55.63
2025-03-18 19:42:47,1,Dear,7,96.7
2024-06-22 09:54:24,3,Elephant,9,59.18
2024-03-15 09:40:18,2,Elephant,9,62.64
2024-04-21 17:45:38,1,Dear,5,70.33
2024-06-28 19:04:56,1,Lion,8,69.16
2024-04-27 10:59:38,2,Lion,10,89.73
2024-05-16 09:07:54,3,Lion,1,72.82
2024-07-27 09:42:34,1,Tiger,9,58.54
2024-05-06 17:39:58,3,Dear,8,63.36
2025-10-17 12:51:08,3,Lion,6,75.46
2024-02-28 15:37:14,3,Elephant,3,57.37
2025-01-18 10:01:39,1,Bear,3,80.58
2024-10-27 00:00:06,3,Bear,8,78.29
2025-12-19 02:51:00,1,Lion,5,85.74
2024-03-22 21:36:37,3,Bear,10,96.89
2024-10-17 19:58:42,1,Bear,7,95.61
2025-12-09 16:23:20,3,Tiger,5,97.3
2025-09-24 16:27:24,2,Elephant,8,62.24
2025-08-20 06:42:43,3,Elephant,10,56.58
2024-07-07 12:38:49,3,Tiger,10,65.11
2024-05-04 22:03:06,1,Tiger,4,94.75
2025-05-03 18:40:35,1,Bear,2,98.6
2025-11-10 08:58:19,3,Dear,3,92.97
2025-02-10 23:50:52,2,Bear,8,55.5
2025-02-21 20:22:22,2,Tiger,7,97.37
2024-07-23 15:57:11,1,Elephant,2,71.17
2025-07-16 11:59:01,2,Bear,6,50.47
2024-05-16 17:29:43,3,Dear,9,72.12
2024-08-24 14:37:42,1,Bear,4,52.3
2024-11-06 23:51:24,3,Lion,9,77.19
2025-01-06 01:30:58,1,Bear,2,66.93
2024-06-26 04:50:10,1,Tiger,2,73.67
2024-03-24 22:41:49,1,Elephant,9,80.66
2025-03-22 08:43:04,1,Elephant,7,93.44
2024-07-29 23:44:03,2,Tiger,7,83.1
2025-02-28 21:14:35,3,Lion,1,71.7
2024-04-22 20:08:21,3,Tiger,6,90.97
2024-12-17 17:07:18,3,Bear,7,95.28
2025-01-24 07:44:55,1,Tiger,6,55.99
2024-02-07 21:11:31,2,Tiger,6,76.6
2024-09-03 01:23:07,3,Lion,2,64.23
2024-04-08 06:10:15,2,Bear,6,52.35
2024-02-16 07:51:01,1,Dear,4,83.43
2025-12-24 15:51:43,3,Dear,9,93.14
2024-08-23 15:22:32,2,Elephant,1,58.15
2025-08-15 00:26:13,1,Tiger,8,90.62
2024-07-05 03:24:56,2,Elephant,5,92.67
2025-05-13 04:17:00,3,Lion,1,95.72
2025-07-09 17:26:14,3,Dear,4,63.26
2025-03-11 09:53:09,1,Tiger,1,95.2
2024-12-10 17:19:57,1,Lion,6,66.03
2024-10-28 01:20:12,1,Lion,2,77.62
2024-09-12 00:32:41,2,Tiger,5,52.53
2025-11-10 11:39:32,2,Lion,7,52.19
2025-08-30 04:23:11,2,Tiger,2,86.02
2025-12-06 10:25:54,1,Tiger,6,72.22
2024-03-31 20:40:13,3,Bear,6,62.81
2025-06-18 06:20:19,3,Elephant,5,59.52
2025-11-16 22:14:40,2,Lion,5,83.5
2024-05-12 11:33:10,2,Lion,3,50.02
2024-02-18 14:36:37,3,Bear,10,90.29
2025-06-25 18:13:13,3,Bear,10,53.96
2025-02-23 22:33:22,2,Bear,2,59.57
2025-09-07 09:02:37,2,Dear,7,69.31
2024-04-12 04:09:59,3,Dear,1,74.24
2025-08-04 08:10:10,1,Dear,6,67.75
2024-05-27 09:20:58,2,Tiger,6,66.04
2024-04-29 15:10:47,3,Lion,3,98.2
2024-04-30 01:52:44,3,Elephant,2,82.08
2025-08-18 10:53:55,3,Tiger,2,51.17
2025-05-01 06:13:11,3,Lion,9,71.51
2025-01-17 08:39:34,1,Lion,5,93.75
2024-09-19 07:19:18,3,Bear,7,65.07
2025-10-03 05:36:21,2,Bear,5,54.73
2024-10-13 21:03:24,1,Tiger,7,87.92
2025-08-19 22:25:13,3,Bear,4,80.3
2024-11-17 00:10:57,1,Lion,8,78.52
2024-10-02 13:06:46,2,Bear,10,52.68
2024-12-04 05:15:14,3,Dear,10,57.02
2024-08-08 07:22:24,2,Bear,7,81.13
2025-06-30 12:03:31,3,Lion,10,60.39
2025-01-02 11:43:34,3,Tiger,5,75.2
2024-06-18 17:56:22,3,Elephant,6,77.24
2025-10-19 14:08:09,3,Bear,5,64.18
2024-10-07 14:59:14,3,Lion,7,97.42
2025-02-01 08:05:28,1,Elephant,2,92.12
2025-10-24 15:08:47,3,Elephant,5,86.12
2025-04-01 07:37:52,3,Dear,10,53.9
2024-03-26 10:51:33,1,Elephant,3,55.31
2025-11-18 00:24:52,1,Lion,9,74.64
2025-04-03 20:30:35,1,Lion,6,58.04
2024-09-01 19:35:02,1,Bear,10,98.91
2024-04-11 19:23:21,1,Bear,3,57.93
2025-08-03 10:22:39,1,Bear,7,74.37
2025-03-29 06:33:22,3,Elephant,4,68.21
2025-01-24 23:02:28,3,Elephant,3,81.97
2025-10-15 10:27:04,2,Dear,8,56.45
2025-07-30 11:08:57,3,Bear,4,71.52
2024-04-20 20:59:02,3,Tiger,1,63.74
2024-08-15 20:51:06,1,Dear,6,94.39
2024-06-30 15:29:36,1,Tiger,10,52.03
2025-06-27 19:47:36,3,Elephant,1,95.69
2024-01-25 12:17:34,2,Dear,5,91.65
2025-02-20 14:08:40,1,Dear,7,64.88
2025-07-11 08:34:29,3,Lion,6,89.46
2025-10-02 21:58:33,3,Elephant,2,51.56
2024-09-07 01:28:55,2,Elephant,4,98.34
2025-08-23 08:08:16,2,Dear,2,76.33
2024-03-21 20:55:23,1,Elephant,1,65.16
2025-09-10 18:09:31,2,Dear,3,68.13
2024-04-03 04:39:39,3,Lion,3,53.32
2024-10-17 10:00:29,3,Dear,7,99.47
2025-08-05 19:44:58,2,Elephant,1,51.96
2024-04-19 14:09:04,2,Elephant,9,82.75
2024-06-16 13:59:11,2,Dear,6,72.14
2025-06-11 23:11:55,2,Dear,4,97.45
2025-06-10 08:19:14,1,Dear,3,62.3
2025-04-13 16:17:38,2,Bear,3,76.6
2025-05-22 06:37:52,1,Elephant,2,74.12
2025-01-31 17:33:26,3,Elephant,2,85.14
2024-07-03 01:33:45,2,Bear,10,53.4
2024-09-09 16:53:25,1,Dear,5,59.69
2024-05-12 17:57:01,2,Lion,9,60.73
2025-10-26 01:51:23,3,Dear,2,86.91
2025-03-02 11:01:31,3,Dear,2,59.46
2024-10-20 00:32:13,3,Bear,6,78.67
2024-12-03 17:25:46,2,Elephant,10,60.76
2025-11-23 11:08:19,2,Dear,2,93.08
2024-04-22 02:23:49,1,Elephant,4,97.11
2025-03-04 12:48:57,3,Tiger,6,75.92
2025-01-04 19:18:39,2,Elephant,5,67.62
2025-03-22 23:21:10,3,Lion,1,61.7
2024-01-14 05:43:30,3,Lion,6,52.49
2025-09-29 12:32:29,1,Dear,1,63.43
2025-11-12 09:04:58,1,Elephant,3,82.71
2025-02-17 02:41:47,1,Dear,10,76.68
2025-05-24 06:02:30,1,Bear,5,97.2
2025-11-05 08:19:43,3,Lion,10,69.81
2025-05-31 23:47:39,1,Dear,5,84.69
2024-04-21 12:08:41,1,Bear,10,74.47
2025-02-25 06:24:10,1,Dear,6,75.63
2025-03-19 12:12:30,1,Elephant,10,63.39
2024-11-06 00:56:54,3,Elephant,8,72.75
2025-06-22 08:10:38,1,Elephant,5,73.54
2025-11-14 00:32:04,3,Elephant,1,85.33
2025-11-07 14:10:25,2,Tiger,5,97.03
2024-11-25 13:31:32,3,Bear,3,66.47
2024-03-23 18:38:53,3,Bear,4,52.11
2025-12-20 22:03:13,1,Elephant,8,74.81
2025-09-05 05:37:40,2,Tiger,7,77.22
2024-04-01 03:04:55,2,Elephant,5,58.42
2025-11-04 03:14:59,2,Tiger,2,88.02
2025-09-27 21:27:41,2,Elephant,6,99.25
2025-01-14 06:29:41,3,Lion,6,97.29
2025-03-08 05:20:09,2,Lion,10,59.86
2024-10-18 16:06:11,3,Dear,10,93.77
2024-02-10 00:44:17,3,Elephant,6,85.22
2024-09-02 00:42:01,3,Bear,9,72.69
2025-08-09 21:15:38,2,Dear,8,77.03
2024-01-04 09:15:51,1,Lion,8,92.48
2024-08-31 18:54:33,1,Elephant,1,74.01
2024-10-18 01:28:17,2,Dear,5,68.66
2025-01-27 20:04:05,1,Elephant,7,74.66
2025-11-03 09:56:48,1,Lion,6,78.96
2024-09-10 04:17:38,3,Dear,5,59.45
2024-09-10 14:56:48,3,Lion,8,95.05
2025-06-23 02:43:18,2,Tiger,3,83.71
2024-11-26 13:42:41,2,Lion,6,81.66
2024-06-13 04:28:01,1,Elephant,5,54.97
2024-11-26 17:35:55,3,Bear,8,80.21
2024-04-12 23:11:43,2,Lion,4,56.05
2024-05-08 22:31:59,2,Bear,8,53.93
2024-12-30 07:21:50,2,Tiger,10,76.37
2024-11-02 05:37:40,2,Dear,2,70.14
2025-10-30 18:03:22,2,Dear,9,79.44
2024-09-21 21:50:18,2,Bear,9,54.46
2025-02-28 09:50:30,1,Dear,10,71.55
2025-04-07 04:26:40,3,Lion,10,58.74
2024-01-10 13:43:44,3,Bear,6,99.36
2025-04-30 01:05:58,2,Elephant,4,78.06
2024-05-10 03:27:46,3,Lion,4,84.37
2025-12-03 13:01:02,3,Lion,6,66.27
2024-04-18 16:08:19,3,Lion,5,54.74
2024-10-30 02:09:55,2,Elephant,6,98.79
2024-03-03 09:22:28,2,Tiger,7,64.31
2025-12-29 17:09:41,3,Dear,7,71.19
2025-01-02 02:30:32,3,Bear,9,82.49
2025-03-11 05:26:04,2,Tiger,8,51.23
2024-02-19 00:47:22,1,Bear,6,90.51
2025-07-02 05:18:22,3,Dear,6,76.83
2024-06-02 10:35:01,1,Elephant,5,63.91
2025-10-18 11:27:51,3,Lion,1,53.08
2024-05-29 22:58:11,1,Lion,9,58.12
2024-05-19 09:25:31,1,Elephant,9,94.75
2024-01-27 17:13:38,1,Tiger,9,84.3
2024-12-11 01:56:32,2,Tiger,8,62.5
2025-02-16 21:34:21,1,Bear,10,53.28
2024-02-18 00:47:32,1,Elephant,3,84.53
2025-07-20 21:51:22,1,Tiger,1,78.62
2024-11-27 08:29:57,3,Elephant,8,70.23
2025-01-18 07:54:09,1,Dear,7,68.18
2024-11-18 04:44:29,3,Lion,5,60.84
2024-10-19 22:59:13,1,Lion,10,83.48
2025-02-13 02:19:47,1,Lion,7,98.53
2024-04-23 11:32:05,2,Elephant,10,58.79
2024-05-12 23:44:49,3,Elephant,4,79.86
2025-09-21 23:10:00,1,Bear,9,71.21
2025-11-22 14:38:57,3,Lion,10,72.33
2024-09-29 21:20:18,3,Bear,2,62.71
2024-07-16 21:56:40,2,Lion,9,91.26
2025-04-15 18:19:40,2,Bear,9,74.26
2024-10-25 18:49:55,2,Bear,5,77.17
2024-01-19 13:22:41,2,Dear,1,65.24
2024-04-24 03:32:28,2,Bear,7,59.09
2025-06-07 09:00:59,2,Elephant,10,54.3
2025-04-26 16:09:41,2,Bear,10,85.71
2024-01-20 19:22:19,2,Lion,4,59.81
2024-06-11 06:16:46,1,Bear,9,84.5
2024-06-17 21:58:34,3,Tiger,6,69.52
2025-05-06 03:41:09,2,Lion,3,70.79
2024-01-15 09:48:06,2,Tiger,6,73.46
2024-03-17 02:28:51,3,Lion,10,68.39
2025-08-07 17:43:39,1,Elephant,6,55.03
2024-05-10 12:23:15,3,Elephant,5,65.48
2025-04-22 03:46:39,3,Elephant,2,83.19
2024-06-23 02:40:43,2,Tiger,10,83.29
2024-03-13 16:35:59,3,Dear,10,64.31
2024-06-26 18:12:46,3,Lion,2,73.01
2025-06-11 23:27:03,2,Elephant,7,59.67
2025-09-17 12:20:18,2,Lion,2,60.52
2025-08-29 21:22:37,2,Tiger,6,51.15
2024-10-17 08:11:15,2,Dear,5,94.84
2025-05-03 08:53:07,3,Tiger,4,60.54
2024-05-29 20:14:39,3,Lion,7,61.38
2024-08-02 06:59:01,1,Dear,8,63.98
2025-10-17 05:18:55,1,Dear,4,56.37
2024-01-10 12:06:20,3,Tiger,1,81.96
2024-03-03 12:09:41,1,Elephant,1,53.76
2024-05-31 23:09:23,3,Lion,1,56.71
2024-01-20 09:28:51,1,Bear,1,82.24
2024-05-12 15:06:11,2,Bear,5,66.98
2025-03-02 04:52:51,1,Tiger,4,85.4
2024-11-04 01:28:19,2,Lion,9,77.87
2025-10-14 13:01:56,2,Lion,3,62.8
2025-08-20 13:13:46,2,Tiger,7,82.54
2024-09-06 20:50:36,2,Lion,8,55.81
2024-07-08 15:19:28,1,Elephant,6,76.82
2024-10-04 13:19:24,3,Tiger,10,71.86
2025-03-07 12:08:03,2,Elephant,1,63.39
2024-07-14 22:54:30,1,Lion,8,80.2
2025-04-01 06:04:05,2,Tiger,10,93.57
2024-10-26 06:43:04,1,Lion,3,99.95
2025-02-07 13:06:56,1,Tiger,8,80.39
2024-11-14 19:24:13,1,Lion,4,70.24
2024-08-03 06:06:25,3,Elephant,8,61.26
2025-11-24 07:39:52,1,Elephant,1,62.85
2025-07-12 04:41:59,1,Lion,3,73.97
2024-04-12 10:08:43,3,Tiger,6,68.36
2025-09-26 20:24:06,3,Bear,9,95.69
2024-12-22 07:29:34,1,Elephant,2,68.41
2025-10-15 22:01:26,3,Elephant,1,68.67
2025-08-07 16:39:37,2,Bear,10,69.18
2024-11-06 19:56:44,2,Lion,3,91.83
2024-01-17 10:12:05,3,Tiger,4,82.54
2024-07-15 09:40:31,3,Lion,5,80.71
2025-01-30 22:25:49,1,Dear,3,66.71
2025-04-08 01:44:30,3,Elephant,10,90.9
2024-07-07 12:22:53,1,Dear,2,51.92
2024-04-11 20:51:46,2,Elephant,2,93.54
2025-09-02 08:00:57,3,Elephant,7,75.64
2025-12-20 14:21:05,1,Dear,9,69.91
2025-01-19 06:42:30,1,Dear,10,74.86
2024-05-05 11:56:28,2,Lion,2,83.37
2024-07-18 01:21:34,3,Dear,7,50.64
2024-01-14 10:38:45,2,Lion,7,93.58
2025-10-30 08:27:28,1,Lion,7,72.34
2024-03-27 01:49:29,1,Lion,3,67.15
2025-02-25 10:24:17,3,Elephant,7,56.91
2024-07-19 08:01:28,1,Elephant,1,71.97
2025-02-09 02:29:55,3,Dear,10,74.82
2025-04-21 04:31:08,2,Elephant,1,70.18
2025-08-29 12:59:23,3,Dear,5,83.93
2024-05-30 21:27:17,3,Elephant,2,71.04
2024-01-09 00:54:38,1,Tiger,9,98.07
2024-04-10 01:31:17,1,Tiger,7,79.96
2025-10-19 21:55:36,3,Dear,4,90.37
2025-09-30 19:31:38,1,Elephant,4,55.47
2025-03-12 17:00:55,1,Elephant,2,69.86
2025-03-14 23:28:03,1,Lion,5,66.84
2025-05-01 03:24:11,3,Bear,4,78.47
2024-05-08 04:42:49,1,Dear,1,93.06
2025-10-30 10:26:34,3,Bear,8,53.92
2024-11-02 02:54:35,1,Bear,3,53.63
2024-10-07 01:46:56,2,Dear,6,92.52
2025-01-14 07:53:31,1,Elephant,4,60.64
2024-02-04 07:58:15,1,Dear,9,83.44
2024-05-01 13:16:31,3,Bear,7,77.14
2025-06-23 12:03:41,3,Elephant,9,91.64
2024-03-01 12:37:11,1,Tiger,10,56.25
2025-03-16 21:42:01,2,Dear,3,56.49
2024-06-28 08:24:16,1,Dear,1,77.84
2024-10-11 13:48:07,1,Elephant,5,97.32
2024-07-30 00:50:34,2,Tiger,3,70.75
2024-09-16 23:55:19,3,Tiger,6,66.35
2025-06-09 14:56:28,1,Elephant,8,80.33
2024-08-05 04:42:11,3,Lion,4,96.52
2025-02-18 01:00:10,3,Dear,5,91.85
2024-12-13 23:49:41,2,Dear,5,99.77
2025-04-30 03:26:48,2,Bear,4,51.13
2025-11-15 19:44:26,3,Elephant,4,55.64
2025-06-19 12:14:40,1,Bear,4,80.47
2024-06-06 02:54:50,3,Bear,4,91.03
2024-01-23 19:04:36,1,Tiger,4,64.26
2024-07-10 17:09:37,1,Dear,5,61.96
2025-03-11 00:02:49,2,Bear,2,89.35
2024-02-07 14:12:52,1,Tiger,2,52.82
2024-12-28 20:14:57,1,Elephant,9,68.47
2025-03-12 07:00:38,3,Bear,2,75.29
2024-09-01 07:58:29,2,Dear,6,78.02
2025-07-17 12:53:00,1,Bear,2,86.43
2024-03-18 22:09:35,1,Elephant,5,67.74
2024-02-24 22:13:01,2,Bear,4,80.63
2025-06-16 07:20:36,3,Dear,7,79.27
2024-12-28 04:53:58,2,Tiger,7,77.38
2025-05-18 05:19:53,2,Dear,6,82.02
2024-11-13 20:36:38,1,Tiger,10,62.97
2024-06-29 02:52:37,1,Lion,5,54.23
2025-08-21 18:19:51,3,Dear,1,55.96
2025-08-07 08:57:07,1,Dear,3,61.23
2025-05-22 19:45:16,1,Elephant,9,75.01
2024-07-17 22:30:51,2,Bear,1,92.02
2025-03-07 11:00:23,1,Tiger,5,85.06
2024-09-20 20:55:33,3,Tiger,2,89.45
2024-03-07 22:42:57,2,Elephant,4,67.55
2025-11-01 13:20:56,3,Elephant,1,70.23
2024-04-10 00:20:45,2,Bear,3,69.68
2025-11-25 14:57:49,1,Bear,10,59.59
2024-11-22 00:43:30,2,Dear,7,53.06
2024-05-15 07:58:19,2,Lion,10,79.55
2025-01-31 03:06:36,1,Bear,3,99.46
2025-09-30 02:57:41,1,Elephant,4,58.34
2025-06-19 06:09:11,3,Bear,2,52.33
2025-08-12 14:18:30,3,Tiger,3,88.98
2025-04-26 13:41:42,1,Lion,9,62.63
2025-05-21 01:17:59,1,Dear,3,91.48
2025-09-12 18:17:17,1,Tiger,5,85.2
2024-07-01 12:10:31,2,Tiger,2,97.28
2024-12-23 18:28:17,2,Lion,4,70.45
2024-06-10 16:53:54,2,Dear,7,83.1
2025-12-22 23:38:50,1,Elephant,7,73.24
2025-11-21 02:34:36,3,Dear,3,81.53
2024-01-29 19:42:14,1,Bear,5,72.48
2025-05-30 18:36:38,2,Tiger,1,59.43
2025-11-07 08:33:22,2,Bear,10,75.39
2024-05-12 00:00:49,1,Elephant,10,76.43
2025-02-19 04:01:51,1,Bear,10,90.53
2025-10-31 05:19:35,2,Dear,1,86.78
2024-01-25 19:32:53,2,Bear,5,83.19
2025-05-24 19:32:27,2,Elephant,10,55.67
2024-08-05 08:41:27,1,Elephant,9,86.03
2025-11-06 17:36:23,2,Elephant,1,75.02
2025-12-10 20:14:44,2,Dear,1,94.7
2025-11-21 06:12:39,3,Elephant,4,95.99
2024-12-12 15:36:50,1,Tiger,4,52.76
2025-09-22 03:40:33,3,Elephant,2,91.03
2025-09-09 08:46:27,3,Bear,9,51.88
2024-08-21 06:17:55,2,Bear,9,68.36
2025-08-28 22:29:34,1,Bear,2,77.11
2024-01-28 01:15:42,2,Dear,9,57.41
2025-03-11 20:57:30,1,Bear,6,87.32
2024-06-17 03:16:29,3,Dear,8,50.42
2024-03-29 03:13:31,1,Dear,10,58.43
2024-02-26 06:04:01,2,Elephant,4,79.04
2025-05-23 23:41:24,2,Tiger,2,85.72
2024-09-05 10:45:58,2,Elephant,2,95.83
2025-06-13 19:18:28,1,Elephant,9,85.27
2024-02-17 18:36:41,3,Dear,1,83.59
2024-08-18 11:27:12,3,Dear,7,69.72
2025-01-29 08:50:06,1,Bear,3,50.06
2025-08-01 00:26:49,2,Bear,3,56.01
2024-08-21 00:11:37,3,Elephant,2,76.73
2025-04-02 12:38:17,2,Lion,10,83.76
2025-10-09 15:35:36,1,Lion,6,70.87
2025-03-26 04:42:12,2,Bear,10,86.53
2024-06-19 07:02:27,3,Lion,2,76.09
2024-01-18 20:05:14,3,Bear,10,53.71
2025-09-28 01:00:51,2,Dear,4,59.6
2024-01-16 13:09:01,1,Elephant,10,92.0
2025-10-01 09:45:57,2,Tiger,9,86.25
2025-01-21 15:40:22,1,Elephant,9,94.74
2025-11-17 11:00:12,2,Bear,6,55.88
2025-08-06 21:51:10,3,Bear,4,99.51
2025-12-30 11:45:20,1,Elephant,7,60.47
2024-09-13 08:53:16,1,Bear,1,50.59
2025-07-14 19:33:04,1,Lion,4,99.87
2024-10-20 19:28:33,3,Lion,5,64.05
2024-12-16 18:56:15,2,Bear,8,83.4
2025-04-03 16:57:20,3,Bear,2,58.83
2025-09-30 15:47:27,1,Lion,5,79.01
2025-12-20 08:45:36,2,Bear,6,95.2
2025-07-15 14:35:18,3,Bear,5,66.01
2024-11-01 09:18:01,1,Elephant,9,83.51
2024-11-04 00:17:13,1,Tiger,10,59.4
2025-06-23 04:08:37,3,Lion,1,81.24
2024-06-23 13:06:22,3,Elephant,3,66.82
2024-03-21 18:09:28,3,Tiger,2,60.56
2024-09-16 05:29:27,1,Bear,3,65.66
2024-07-28 23:19:14,3,Bear,10,58.94
2024-08-04 14:25:46,1,Elephant,9,95.1
2024-06-19 18:24:51,3,Bear,9,69.86
2024-01-31 18:28:58,1,Dear,10,62.26
2024-01-14 01:34:49,1,Elephant,2,72.42
2025-12-23 00:36:04,2,Tiger,3,66.03
2024-11-08 16:51:06,3,Elephant,4,87.22
2024-10-07 22:37:35,3,Lion,9,98.56
2025-05-11 19:43:54,1,Elephant,3,71.9
2024-06-08 13:02:46,1,Bear,7,93.05
2025-11-25 10:07:07,1,Bear,3,78.29
2025-07-28 19:38:12,2,Dear,7,57.86
2024-03-06 08:37:35,2,Dear,7,84.53
2024-11-01 06:02:13,1,Dear,9,75.67
2025-10-04 15:15:04,3,Tiger,2,82.53
2025-11-21 14:22:42,3,Dear,6,94.48
2024-12-07 16:05:31,2,Tiger,9,72.02
2025-03-24 09:41:21,2,Dear,2,95.06
2024-05-02 02:26:36,1,Tiger,2,87.53
2025-12-25 13:03:43,3,Elephant,5,74.43
2024-06-18 08:26:53,1,Elephant,10,80.16
2025-11-20 03:17:09,2,Bear,10,66.28
2025-04-19 21:24:02,3,Tiger,10,99.18
2025-03-20 06:08:02,3,Lion,8,83.37
2025-01-09 18:36:25,2,Bear,9,52.19
2024-06-17 14:52:16,1,Elephant,2,66.33
2024-05-09 01:00:27,1,Tiger,5,81.17
2024-06-10 04:12:35,3,Dear,7,52.82
2024-05-16 06:52:22,2,Lion,6,51.19
2025-07-23 21:01:47,3,Elephant,6,72.5
2024-09-12 22:35:50,2,Bear,7,66.63
2024-02-12 06:47:30,1,Tiger,3,71.91
2025-12-09 09:56:10,2,Lion,3,63.13
2025-10-08 01:08:21,1,Tiger,10,58.24
2025-11-09 04:29:08,2,Dear,9,84.46
2025-12-28 06:39:45,3,Bear,8,75.73
2024-05-07 02:49:05,1,Tiger,5,60.01
2024-10-16 15:40:11,3,Elephant,6,65.98
2025-07-08 06:32:08,3,Bear,10,79.59
2025-05-23 18:59:07,1,Elephant,1,53.61
2024-04-22 11:56:59,1,Tiger,10,57.37
2025-08-19 08:58:34,3,Bear,1,53.66
2024-06-13 01:35:07,3,Elephant,4,90.62
2024-06-12 14:39:22,3,Dear,2,87.62
2025-01-27 12:40:44,3,Dear,7,87.67
2025-03-09 10:32:16,1,Tiger,2,85.82
2025-02-28 01:01:56,1,Bear,10,83.47
2024-03-07 21:02:42,3,Lion,2,73.85
2025-10-03 10:10:23,2,Bear,5,82.11
2024-07-13 03:41:13,2,Dear,4,51.92
2024-04-04 16:12:35,1,Elephant,8,81.07
2025-10-11 16:11:45,3,Lion,4,88.89
2025-11-29 13:56:58,3,Tiger,6,75.02
2025-09-22 05:10:00,1,Lion,5,67.88
2025-08-14 18:08:59,2,Tiger,2,63.87
2025-04-23 23:33:54,2,Lion,8,82.14
2025-02-06 16:14:29,2,Tiger,2,84.64
2024-03-04 14:05:44,1,Tiger,9,93.55
2024-10-25 13:54:11,2,Lion,9,67.12
2024-09-29 10:26:50,1,Lion,3,88.49
2024-07-08 21:07:13,1,Tiger,4,78.07
2025-06-12 19:40:56,3,Dear,8,94.14
2024-12-28 11:38:37,2,Lion,9,76.39
2024-02-29 05:52:29,1,Bear,3,75.88
2024-06-09 22:53:38,2,Elephant,5,78.89
2025-05-14 11:05:29,2,Tiger,8,87.47
2024-02-25 15:38:23,3,Tiger,3,98.23
2025-09-14 05:34:25,2,Elephant,7,53.68
2024-12-27 22:51:01,3,Dear,8,52.67
2024-12-17 07:24:38,1,Elephant,10,96.88
2025-03-09 01:12:07,2,Lion,3,76.49
2025-08-25 20:12:09,1,Elephant,2,80.75
2024-09-11 05:57:52,2,Tiger,10,74.12
2025-05-10 15:06:54,1,Elephant,7,54.68
2025-02-17 13:12:05,2,Bear,9,88.4
2024-07-14 04:44:38,2,Lion,1,87.36
2025-10-04 06:41:03,2,Elephant,3,65.59
2025-08-05 22:02:30,2,Tiger,5,65.31
2025-04-26 07:52:43,2,Lion,3,91.89
2025-09-13 18:36:20,2,Tiger,1,53.62
2025-09-25 23:48:33,2,Dear,7,94.06
2025-06-01 19:31:11,2,Bear,7,62.83
2025-09-03 20:33:41,2,Dear,10,79.65
2025-05-24 20:26:20,1,Bear,8,96.8
2025-05-12 04:23:22,3,Elephant,5,83.91
2025-03-28 04:55:04,2,Lion,10,70.72
2025-07-04 05:39:37,3,Elephant,5,84.48
2024-04-25 22:34:04,2,Bear,5,67.2
2025-10-05 21:59:46,2,Bear,1,63.86
2025-09-29 07:37:21,1,Bear,10,99.83
2024-01-22 09:06:51,1,Tiger,5,87.54
2025-08-26 16:07:43,3,Lion,6,82.24
2024-04-04 04:53:34,1,Elephant,1,67.76
2024-09-01 23:19:30,1,Elephant,7,52.46
2025-06-27 12:06:31,3,Dear,1,51.55
2024-04-27 12:22:17,1,Bear,2,77.71
2025-08-20 22:24:47,2,Bear,2,88.1
2025-08-31 06:57:42,3,Bear,5,76.87
2025-01-05 23:00:49,3,Elephant,10,92.04
2024-01-05 16:02:01,2,Dear,7,51.67
2024-07-28 19:47:48,1,Tiger,1,68.34
2025-03-26 23:21:56,3,Lion,10,61.85
2025-12-18 05:55:48,3,Tiger,1,72.36
2025-04-06 20:32:10,2,Elephant,1,53.62
2024-07-08 21:59:38,2,Bear,6,97.71
2025-04-08 10:59:45,1,Lion,2,61.16
2025-01-29 17:30:12,3,Elephant,1,96.12
2025-07-24 01:36:26,1,Elephant,6,71.29
2024-03-19 04:52:05,1,Elephant,2,99.28
2025-07-10 07:28:23,2,Lion,6,77.7
2025-01-30 15:58:50,3,Lion,10,96.54
2025-12-04 22:43:53,3,Dear,8,50.27
2024-09-06 21:48:18,3,Dear,2,87.41
2025-04-07 10:43:05,2,Tiger,9,95.15
2025-11-12 07:30:02,2,Lion,8,56.99
2024-03-15 22:25:50,2,Lion,10,54.81
2025-11-16 02:44:10,2,Lion,1,71.23
2025-05-17 20:16:00,2,Dear,7,96.68
2024-02-19 14:08:00,3,Elephant,10,77.12
2024-08-08 00:06:17,1,Bear,6,76.37
2025-06-01 16:10:15,3,Dear,6,57.06
2024-02-19 05:35:56,1,Lion,6,50.04
2025-03-01 13:35:54,2,Dear,6,90.51
2024-09-09 20:10:20,1,Tiger,10,54.38
2025-03-29 21:20:30,3,Lion,7,81.69
2024-02-03 10:29:53,3,Tiger,3,95.73
2025-09-29 02:14:29,1,Lion,6,60.43
2025-12-12 14:53:24,2,Dear,3,83.26
2025-12-09 05:59:34,2,Elephant,7,53.93
2025-07-01 23:53:29,3,Bear,7,80.19
2024-04-05 02:13:58,1,Tiger,8,58.2
2025-07-08 06:58:09,2,Dear,2,86.8
2024-01-18 23:21:10,2,Elephant,9,65.06
2024-01-17 04:08:08,3,Dear,5,73.17
2024-08-24 13:25:03,2,Tiger,9,79.97
2024-12-23 04:45:21,1,Bear,10,58.56
2025-07-17 04:01:39,3,Dear,5,87.08
2025-05-14 11:44:02,3,Lion,7,65.13
2024-11-21 22:55:01,1,Elephant,9,83.12
2024-07-19 00:30:22,3,Dear,4,57.91
2025-12-29 21:33:07,2,Elephant,2,84.41
2024-11-07 12:55:28,2,Lion,9,56.41
2024-11-25 23:08:01,1,Bear,2,71.27
2024-04-29 14:36:58,2,Bear,3,62.36
2025-08-04 00:08:18,1,Lion,10,87.42
2025-05-22 01:57:38,1,Elephant,2,63.1
2024-06-10 09:10:55,2,Dear,3,94.09
2024-03-01 05:17:34,1,Lion,6,94.59
2025-05-12 10:40:46,2,Tiger,3,59.82
2025-04-23 10:44:40,3,Elephant,10,80.69
2024-07-18 18:03:54,3,Bear,8,54.39
2025-11-26 01:57:00,1,Lion,6,69.58
2024-04-20 10:09:34,2,Bear,7,85.67
2024-11-12 00:52:53,2,Elephant,1,82.97
2025-11-20 18:47:50,3,Bear,3,81.24
2024-11-02 19:41:45,3,Lion,3,64.13
2025-04-11 18:17:56,2,Elephant,2,68.9
2024-10-17 15:23:45,1,Tiger,7,55.15
2024-07-19 10:49:53,3,Lion,9,85.95
2025-12-20 06:54:12,1,Dear,4,75.19
2024-10-26 05:21:20,1,Lion,5,85.44
2025-10-15 14:04:34,3,Elephant,3,62.45
2024-06-17 02:19:24,1,Lion,9,66.22
2024-06-04 18:42:31,1,Tiger,4,66.71
2024-01-23 18:12:58,2,Tiger,5,51.29
2025-04-21 08:50:33,1,Dear,1,67.05
2024-09-26 09:25:33,2,Bear,2,90.17
2025-09-23 20:18:03,3,Elephant,9,94.86
2024-12-11 21:59:40,3,Elephant,2,75.91
2025-12-08 17:59:06,2,Bear,5,72.78
2024-05-15 14:51:34,3,Tiger,8,51.54
2025-09-26 23:07:28,1,Tiger,3,93.96
2025-07-21 16:36:53,1,Lion,6,50.65
2025-07-17 13:03:09,1,Dear,4,97.24
2025-09-09 12:52:36,3,Dear,7,74.46
2025-07-10 07:24:16,1,Dear,10,67.1
2025-04-02 18:24:32,3,Lion,3,96.21
2024-04-05 22:33:36,1,Dear,6,51.22
2024-01-24 18:38:21,2,Bear,10,79.07
2025-11-04 03:21:15,3,Lion,9,77.45
2025-03-26 18:30:46,3,Bear,10,60.97
2025-08-05 06:27:00,1,Lion,1,71.44
2024-12-17 23:49:40,3,Dear,3,82.61
2024-03-26 18:03:17,3,Bear,2,86.36
2024-04-01 12:15:34,2,Bear,8,50.04
2025-05-16 03:33:25,2,Bear,7,96.84
2024-11-10 13:17:11,1,Lion,2,58.23
2024-05-26 14:00:20,2,Elephant,6,61.68
2024-12-25 08:32:04,1,Dear,3,63.17
2024-02-16 22:28:53,1,Bear,8,51.89
2025-03-01 10:06:22,1,Elephant,10,56.15
2024-07-15 15:13:12,3,Dear,3,99.32
2025-08-06 00:22:35,2,Dear,10,65.76
2024-08-14 20:59:24,1,Bear,9,55.77
2024-11-28 18:22:55,2,Bear,1,55.35
2024-01-09 11:52:14,1,Lion,5,85.97
2024-02-22 23:00:29,2,Elephant,3,92.73
2024-10-13 21:54:24,2,Elephant,6,62.85
2024-12-16 20:02:48,1,Bear,10,51.05
2025-03-14 14:45:37,3,Dear,2,61.15
2024-08-01 04:55:41,2,Bear,9,52.83
2025-05-23 00:45:43,3,Dear,6,55.17
2025-09-20 17:59:13,3,Dear,7,71.58
2025-07-24 01:42:19,1,Bear,5,61.5
2024-01-29 23:04:21,1,Tiger,9,75.8
2024-12-17 06:00:49,1,Elephant,1,62.67
2024-03-17 16:53:42,2,Dear,5,97.03
2024-06-25 22:26:15,1,Dear,10,95.3
2025-12-22 06:00:29,1,Tiger,6,78.34
2024-04-14 03:56:30,2,Lion,7,67.72
2024-12-30 16:29:37,2,Tiger,4,69.06
2025-03-27 20:55:26,1,Tiger,1,70.59
2025-05-28 12:02:42,1,Dear,8,86.38
2025-02-13 02:28:34,1,Elephant,10,72.58
2024-01-08 03:25:11,1,Tiger,4,92.84
2024-08-26 15:26:13,3,Lion,3,97.2
2025-01-13 10:43:58,3,Bear,7,66.8
2024-03-05 05:31:47,1,Tiger,2,78.03
2024-09-13 07:23:55,3,Tiger,8,54.75
2024-01-25 06:30:55,2,Lion,6,60.02
2024-02-27 10:34:52,3,Elephant,7,70.67
2024-10-17 03:37:18,3,Tiger,5,60.31
2024-04-07 00:21:54,1,Tiger,9,93.83
2025-02-18 20:56:11,3,Elephant,5,57.91
2025-05-18 23:58:23,3,Lion,5,72.78
2025-08-08 05:29:34,3,Tiger,3,80.28
2024-05-26 07:26:08,3,Elephant,1,84.59
2024-05-02 10:18:51,2,Tiger,2,69.15
2024-03-17 10:32:17,1,Bear,8,93.45
2025-04-10 05:31:55,1,Dear,1,78.42
2025-05-31 10:24:35,2,Bear,7,71.98
2024-01-24 02:08:50,3,Tiger,5,53.36
2025-11-15 08:54:26,2,Lion,3,73.23
2024-02-07 23:47:03,3,Dear,7,91.04
2025-01-30 16:30:09,2,Bear,9,80.73
2025-06-02 07:45:27,1,Elephant,2,91.61
2025-09-28 16:16:55,1,Lion,8,74.7
2025-06-05 23:56:27,1,Bear,9,55.92
2025-08-09 01:31:02,3,Elephant,3,50.68
2024-09-05 03:18:50,3,Tiger,2,65.16
2025-08-18 15:17:29,2,Elephant,7,84.9
2024-02-28 13:32:05,2,Bear,5,89.51
2025-10-16 02:39:47,1,Bear,5,64.79
2025-02-04 06:57:37,3,Tiger,10,74.78
2025-08-20 10:40:18,2,Elephant,5,71.06
2024-11-26 15:28:18,3,Elephant,4,70.53
2025-04-15 10:55:36,3,Tiger,5,61.57
2025-01-19 19:12:29,1,Elephant,4,56.82
2025-06-18 19:00:22,1,Tiger,6,59.83
2024-02-29 16:06:58,3,Lion,4,52.77
2024-02-14 02:49:01,3,Bear,2,59.91
2024-06-29 15:10:44,3,Lion,9,50.46
2024-04-26 15:03:06,3,Dear,2,81.36
2025-09-29 06:34:14,1,Dear,9,65.82
2024-06-09 05:53:24,2,Dear,10,98.66
2025-12-14 08:34:47,1,Tiger,6,59.69
2024-09-03 06:29:58,2,Elephant,9,67.29
2024-05-13 03:04:35,3,Lion,9,67.89
2025-07-31 06:28:13,2,Lion,3,50.42
2025-04-26 12:22:08,1,Lion,1,91.96
2024-12-30 04:20:43,1,Lion,1,51.6
2025-02-09 23:17:52,3,Dear,3,97.01
2025-06-09 17:40:32,1,Lion,5,94.6
2024-06-16 00:00:35,3,Elephant,3,76.78
2025-12-29 07:40:55,1,Dear,9,77.18
2025-12-13 13:46:15,1,Lion,9,82.69
2025-04-20 09:18:49,3,Tiger,3,69.35
2024-05-25 20:46:21,2,Bear,3,82.36
2025-05-12 05:55:26,1,Bear,5,52.24
2024-02-22 18:38:55,2,Bear,2,52.7
2024-01-23 09:46:02,1,Dear,6,72.86
2024-07-07 08:47:18,1,Lion,7,77.48
2024-12-04 04:15:25,1,Dear,9,94.39
2025-09-26 16:58:21,1,Elephant,6,55.23
2025-06-15 13:27:14,2,Tiger,3,91.13
2025-06-26 22:02:34,2,Tiger,5,60.5
2024-11-07 00:51:17,1,Bear,4,69.7
2024-09-09 21:05:00,1,Bear,5,65.83
2024-09-28 05:30:14,2,Bear,8,70.01
2025-12-22 23:19:25,3,Lion,8,57.52
2024-01-30 07:40:32,3,Elephant,6,75.18
2025-09-25 19:12:01,2,Elephant,1,90.08
2025-02-27 00:16:52,1,Elephant,8,72.08
2024-11-16 15:04:07,1,Elephant,8,74.53
2025-06-14 03:55:12,3,Bear,2,92.44
2024-12-21 18:07:11,3,Tiger,4,85.3
2025-09-30 11:20:13,2,Bear,2,74.52
2025-10-20 09:54:47,3,Elephant,4,62.88
2024-11-04 06:40:18,2,Bear,10,94.25
2024-07-21 08:40:00,3,Elephant,7,78.85
2025-03-09 00:11:38,3,Dear,9,61.06
2025-10-28 22:30:08,3,Tiger,8,63.46
2024-06-02 23:51:26,1,Dear,9,90.16
2025-03-31 09:19:32,1,Lion,8,52.21
2025-04-06 16:05:32,1,Bear,2,99.6
2025-06-19 21:44:04,3,Lion,7,56.52
2024-04-06 04:13:24,2,Bear,2,89.8
2025-06-07 06:25:58,2,Dear,2,69.74
2025-10-26 12:03:58,2,Elephant,4,74.61
2024-05-11 08:21:37,2,Elephant,1,94.03
2024-06-22 15:27:36,1,Bear,5,70.65
2025-12-11 02:09:18,1,Elephant,6,76.87
2024-05-12 07:03:34,3,Dear,9,52.46
2025-09-16 13:19:54,3,Elephant,10,50.12
2024-12-25 20:31:21,2,Dear,8,62.24
2024-06-29 17:25:18,1,Lion,2,84.03
2025-09-28 12:26:09,2,Dear,1,56.06
2024-11-21 12:26:06,3,Tiger,2,55.69
2025-01-11 07:57:19,3,Tiger,7,70.55
2024-09-19 14:23:24,2,Tiger,4,82.39
2025-03-09 10:43:46,3,Bear,10,85.6
2024-04-29 12:51:45,2,Bear,5,58.92
2024-10-12 21:08:03,1,Bear,7,53.98
2025-12-09 15:22:10,2,Dear,3,97.02
2024-07-07 16:41:34,1,Bear,10,63.03
2025-04-25 01:47:16,1,Lion,2,92.67
2024-08-25 17:08:03,3,Tiger,7,93.17
2025-07-19 09:48:44,3,Dear,5,88.63
2024-04-05 16:02:50,3,Tiger,1,58.44
2025-12-09 22:32:24,2,Bear,1,91.09
2024-11-27 17:17:00,2,Dear,9,88.46
2024-06-21 13:16:09,3,Elephant,5,79.84
2024-02-23 17:25:36,2,Lion,1,66.86
2024-05-04 02:13:57,3,Bear,7,63.13
2025-01-14 22:54:50,2,Bear,9,56.09
2024-09-03 08:23:01,1,Lion,1,75.49
2025-08-28 21:55:46,1,Lion,10,79.26
2024-11-10 23:29:26,3,Elephant,4,67.97
2024-06-30 19:26:35,2,Bear,3,73.77
2025-03-27 03:11:29,2,Bear,5,68.18
2025-05-31 15:41:57,1,Tiger,7,82.05
2024-05-02 02:34:59,1,Dear,8,95.06
2024-05-02 12:42:41,3,Dear,2,58.2
2024-01-27 19:21:48,1,Tiger,7,69.07
2025-06-22 07:26:12,3,Dear,1,57.04
2025-04-30 05:47:11,1,Lion,7,81.25
2024-12-12 22:55:26,1,Dear,8,86.44
2025-09-09 02:07:34,2,Dear,2,96.6
2025-08-11 22:40:36,1,Tiger,9,63.94
2025-03-03 21:27:24,1,Elephant,1,97.51
2025-09-26 16:57:03,3,Dear,6,53.16
2024-05-30 11:16:41,1,Dear,1,80.15
2024-03-22 19:31:03,3,Elephant,3,52.86
2024-07-16 04:29:13,1,Tiger,6,94.69
2024-02-11 17:31:54,1,Elephant,3,76.49
2025-01-23 06:50:16,3,Tiger,8,83.47
2025-11-15 15:48:36,2,Lion,5,91.58
2024-01-29 18:14:35,3,Tiger,2,57.52
2024-03-30 06:17:46,3,Lion,4,51.93
2024-11-26 13:22:46,3,Lion,9,93.94
2025-11-13 15:54:10,2,Tiger,4,65.75
2024-08-19 02:38:33,1,Bear,10,56.45
2025-01-05 18:55:38,3,Tiger,10,73.42
2024-01-31 09:21:15,3,Dear,8,79.92
2024-04-18 10:31:59,2,Dear,5,51.55
2025-12-22 05:26:18,3,Bear,10,63.74
2025-12-06 12:02:31,1,Lion,1,51.64
2024-01-04 14:40:01,2,Bear,7,71.02
2025-11-26 18:35:08,1,Dear,3,94.76
2025-04-12 04:43:12,1,Bear,10,99.13
2025-09-26 10:45:29,2,Tiger,8,81.85
2024-11-28 09:57:21,3,Bear,3,58.08
2025-01-11 21:36:59,1,Lion,1,95.29
2024-12-23 08:19:27,1,Tiger,5,75.81
2025-05-02 11:27:58,1,Elephant,2,57.69
2024-04-12 02:02:29,1,Dear,4,96.09
2024-01-22 21:51:23,2,Dear,1,87.87
2024-08-13 02:19:22,2,Bear,9,86.59
2025-05-30 02:55:08,1,Tiger,6,85.46
2024-05-27 13:19:00,3,Elephant,8,60.02
2025-05-07 06:41:54,1,Tiger,4,60.55
2025-12-10 00:08:12,3,Dear,9,84.41
2024-03-09 15:23:38,1,Tiger,2,60.99
2025-05-06 16:07:52,3,Elephant,9,71.93
2024-11-20 09:09:13,1,Bear,5,89.1
2025-09-26 14:41:14,3,Lion,6,89.2
2024-05-09 11:54:57,1,Tiger,3,72.66
2025-05-21 07:25:46,1,Lion,4,89.61
2025-09-04 15:53:39,3,Dear,6,91.93
2025-11-21 12:18:41,2,Bear,7,82.74
2025-05-14 10:54:11,3,Bear,1,61.42
2024-12-29 10:26:02,2,Tiger,7,63.7
2025-03-27 15:30:42,1,Bear,1,65.74
2025-09-27 04:04:07,3,Tiger,5,55.84
2025-02-21 02:46:38,3,Tiger,6,63.66
2024-01-23 05:06:38,3,Lion,2,60.48
2025-11-11 12:33:49,2,Bear,10,72.77
2025-05-19 01:03:25,2,Tiger,9,95.42
2025-05-09 12:45:02,1,Lion,10,55.22
2024-06-06 15:48:17,2,Elephant,6,86.01
2025-04-26 15:29:11,2,Lion,7,84.36
2024-10-14 21:57:25,1,Lion,10,54.79
2025-04-21 01:13:52,3,Tiger,8,96.13
2024-03-18 22:04:05,3,Dear,10,78.42
2025-04-25 21:14:16,1,Dear,1,68.19
2025-12-31 13:42:50,3,Dear,8,87.83
2024-02-05 05:49:55,2,Lion,4,62.87
2025-12-15 07:32:37,1,Tiger,10,84.68
2024-10-24 10:47:35,1,Bear,8,51.99
2025-09-28 12:29:53,1,Lion,6,91.97
2025-07-25 22:10:14,3,Lion,9,72.41
2025-02-18 11:43:59,1,Tiger,4,81.83
2025-06-23 19:21:09,1,Elephant,2,61.06
2025-10-04 04:40:36,1,Lion,2,83.85
2024-10-22 10:14:15,3,Elephant,5,88.61
2024-08-27 01:28:10,2,Elephant,10,73.66
2025-05-03 00:15:29,1,Dear,9,80.89
2025-08-13 12:50:56,2,Tiger,3,72.82
2025-07-11 05:31:48,3,Elephant,8,94.7
2025-08-06 04:50:32,3,Tiger,4,74.89
2024-11-14 09:52:24,3,Dear,6,92.09
2025-08-20 20:04:59,3,Tiger,10,90.07
2024-03-28 20:56:51,2,Lion,6,70.53
2025-02-02 00:30:59,1,Elephant,3,61.5
2024-01-05 05:01:47,3,Tiger,5,70.3
2024-08-25 06:32:01,3,Bear,3,91.31
2024-09-24 21:12:03,2,Tiger,1,61.38
2024-10-16 14:27:12,2,Elephant,7,76.22
2025-05-23 09:16:35,3,Dear,4,90.3
2024-10-11 00:51:47,1,Dear,7,67.67
2024-11-23 23:52:50,1,Elephant,3,82.11
2024-06-22 15:28:26,3,Lion,5,62.28
2024-09-29 20:19:45,2,Lion,5,55.46
2024-06-15 03:13:05,3,Dear,2,89.72
2024-02-23 12:08:57,3,Dear,10,54.95
2025-03-17 02:54:07,2,Elephant,2,63.57
2025-05-03 11:07:30,3,Lion,4,92.76
2025-03-28 20:20:18,3,Dear,4,67.32
2024-12-04 19:32:21,3,Lion,4,98.65
2024-10-04 14:57:41,2,Dear,6,98.99
2025-09-23 02:19:31,1,Tiger,2,63.41
2025-01-14 10:46:14,1,Bear,6,52.05
2024-12-16 06:46:00,2,Tiger,7,85.25
2024-01-19 17:51:51,1,Dear,10,72.55
2024-09-06 10:51:06,3,Bear,3,55.04
2024-10-04 22:09:06,1,Bear,8,85.38
2024-10-18 12:56:48,3,Dear,2,51.56
2025-02-28 02:32:37,1,Dear,8,93.51
2025-01-25 01:31:22,2,Lion,5,56.93
2025-03-20 09:05:12,1,Dear,2,56.37
2025-07-13 03:06:42,1,Elephant,7,58.78
2025-08-17 07:01:17,1,Dear,2,98.01
2025-06-08 22:45:03,2,Elephant,6,84.66
2025-11-29 11:42:26,1,Dear,10,90.07
2024-01-14 07:52:20,2,Lion,3,69.88
2024-05-23 02:43:44,3,Elephant,9,66.82
2024-01-06 12:40:59,1,Tiger,3,61.72
2025-04-18 07:17:46,2,Elephant,3,74.03
2025-10-18 11:02:51,2,Lion,5,77.59
2024-06-26 23:39:12,1,Elephant,7,81.59
2025-11-08 15:53:37,3,Dear,8,62.86
2024-02-14 01:19:51,2,Dear,7,97.43
2025-11-14 01:44:43,1,Lion,9,58.49
2024-09-14 00:52:05,3,Bear,5,98.28
2024-03-15 03:19:37,2,Dear,10,50.74
2024-12-21 04:08:02,2,Tiger,3,74.06
2024-07-06 16:53:16,3,Lion,6,66.67
2024-07-27 05:48:36,3,Elephant,5,72.46
2024-08-12 15:05:42,1,Elephant,4,78.53
2025-08-10 00:17:10,1,Tiger,2,71.78
2025-01-29 03:02:43,2,Dear,7,70.74
2024-08-15 13:34:55,3,Lion,5,86.64
2025-03-22 03:41:44,3,Tiger,4,84.29
2025-06-07 12:08:50,3,Dear,8,91.66
2024-07-18 06:54:55,2,Lion,9,62.5
2024-10-29 07:18:19,3,Elephant,9,80.48
2024-03-30 02:22:10,3,Lion,3,79.26
2024-05-12 10:05:02,2,Bear,3,68.49
2025-05-12 21:31:53,1,Lion,5,74.3
2024-05-12 15:09:15,1,Bear,5,65.69
2025-01-18 21:27:58,2,Lion,10,57.09
2025-06-02 07:30:26,3,Bear,2,60.69
2024-03-19 03:02:55,2,Elephant,1,55.28
2025-02-18 16:55:31,1,Dear,8,84.15
2024-07-06 13:08:14,1,Bear,3,83.04
2025-12-04 21:35:19,2,Bear,1,97.53
2024-12-19 11:19:28,2,Elephant,1,86.48
2025-08-12 04:19:59,1,Bear,2,52.6
2025-02-06 05:10:27,2,Tiger,6,94.21
2024-02-01 17:37:46,1,Elephant,6,93.13
2025-04-07 20:00:27,2,Tiger,3,72.17
2025-11-26 11:25:11,2,Elephant,4,79.29
2025-03-15 18:40:39,2,Bear,2,98.8
2025-08-21 19:50:56,1,Tiger,2,76.62
2025-10-08 08:31:04,2,Bear,7,95.27
2024-06-15 17:25:53,1,Elephant,1,54.15
2024-06-04 00:06:52,1,Bear,7,59.55
2025-03-22 15:03:01,2,Tiger,1,72.04
2024-10-27 11:05:00,2,Tiger,6,79.24
2025-09-05 22:31:35,1,Bear,3,90.81
2025-10-19 22:00:19,1,Lion,8,99.41
2024-09-15 08:25:28,3,Elephant,6,69.44
2024-06-22 03:39:25,1,Elephant,2,52.37
2025-07-24 13:32:21,3,Bear,8,90.06
2024-07-19 21:11:49,3,Lion,5,80.22
2025-08-24 07:56:43,3,Tiger,8,59.93
2024-11-05 18:03:49,2,Dear,8,74.74
2025-05-02 23:29:42,2,Dear,6,87.12
2024-03-10 20:04:17,1,Bear,2,88.52
2025-04-01 00:59:16,3,Lion,8,74.98
2024-11-26 05:48:43,2,Lion,6,65.26
2025-03-04 19:27:31,2,Elephant,6,98.69
2024-05-02 19:38:28,2,Tiger,8,83.17
2025-06-22 15:42:45,2,Lion,1,70.41
2025-09-22 16:54:42,2,Dear,2,64.02
2024-06-07 10:28:58,3,Tiger,9,86.56
2024-03-10 23:12:58,3,Tiger,8,62.11
2024-01-18 06:42:55,3,Bear,7,58.59
2025-04-14 06:44:52,3,Lion,7,76.49
2025-03-19 18:51:27,1,Bear,5,64.5
2025-02-03 15:15:33,3,Lion,2,81.45
2024-06-18 13:16:47,2,Elephant,6,55.9
2024-10-12 18:03:16,3,Bear,10,82.75
2025-03-10 13:29:33,1,Bear,3,64.16
2024-12-29 03:16:39,2,Dear,4,50.01
2025-12-23 01:42:32,3,Bear,10,56.35
2024-04-09 17:41:56,3,Lion,2,96.68
2025-05-23 03:36:57,3,Dear,2,93.37
2024-10-22 13:22:06,2,Bear,8,61.68
2024-11-09 00:20:02,2,Bear,8,88.92
2025-06-08 13:32:06,1,Elephant,10,80.43
2025-05-21 04:05:58,2,Bear,6,98.55
2025-12-25 14:35:41,2,Tiger,5,68.68
2024-04-03 20:32:57,3,Dear,8,84.07
2024-03-17 02:29:58,2,Tiger,4,53.18
2025-06-13 11:48:00,3,Dear,4,69.81
2025-02-26 19:13:11,3,Elephant,5,98.19
2024-07-19 09:52:28,2,Bear,1,76.95
2024-02-28 01:20:00,1,Bear,1,64.39
2024-03-03 14:47:17,1,Bear,2,56.01
2025-10-15 15:41:04,2,Dear,8,85.18
2024-05-20 06:07:13,1,Bear,7,82.24
2024-08-24 09:13:50,3,Tiger,10,68.7
2024-06-14 16:27:35,3,Bear,9,97.55
2024-09-16 12:03:18,2,Elephant,5,51.11
2024-02-20 17:58:18,1,Tiger,2,65.19
2025-01-14 10:23:05,1,Bear,7,96.05
2024-02-19 10:11:41,3,Bear,8,66.05
2025-08-08 01:27:15,2,Lion,7,62.61
2024-06-19 20:14:40,1,Dear,7,76.71
2025-01-29 17:58:07,2,Tiger,5,91.19
2025-10-05 08:06:26,1,Lion,2,55.16
2025-04-20 18:59:32,3,Elephant,6,97.15
2025-01-24 14:12:40,3,Dear,4,89.75
2024-08-25 02:06:40,2,Tiger,10,59.06
2024-08-31 10:11:07,3,Bear,2,85.6
2025-05-04 09:28:44,1,Tiger,9,69.25
2025-12-27 17:10:50,3,Bear,7,70.11
2025-04-28 19:18:23,2,Dear,6,89.16
2025-02-11 17:45:07,2,Bear,5,98.14
2025-06-18 02:31:56,2,Elephant,3,56.33
2024-12-06 01:34:01,1,Bear,10,71.03
2024-02-13 23:08:14,1,Elephant,10,74.05
2025-02-15 00:56:06,1,Dear,4,68.82
2025-12-01 00:34:39,1,Dear,3,68.16
2024-05-08 03:30:53,1,Tiger,8,52.61
2025-05-19 09:26:44,3,Elephant,3,84.28
2024-05-26 21:10:50,1,Elephant,7,71.81
2025-01-26 16:33:38,1,Lion,7,59.74
2024-03-11 16:05:29,3,Lion,7,90.8
2024-11-25 05:18:27,1,Lion,7,90.13
2025-07-06 18:07:45,2,Bear,2,74.32
2024-09-11 01:47:41,1,Lion,10,64.92
2025-05-01 01:12:39,1,Elephant,3,81.9
2025-08-04 11:22:26,2,Bear,10,64.41
2025-11-08 18:24:26,2,Dear,9,61.8
2024-06-20 12:33:38,2,Tiger,3,86.53
2024-10-18 21:35:53,2,Lion,2,52.02
2024-04-21 09:59:11,1,Dear,9,54.74
2025-12-26 12:07:49,2,Elephant,10,50.34
2025-11-08 15:18:17,2,Tiger,9,57.65
2025-01-29 17:00:27,3,Dear,4,53.45
2025-09-07 12:37:54,2,Tiger,9,99.79
2025-01-15 19:41:11,2,Lion,3,64.44
2025-03-31 20:11:13,3,Elephant,7,57.46
2024-03-06 03:35:56,3,Tiger,7,62.05
2025-07-06 02:27:50,1,Dear,8,96.81
2024-04-03 08:36:19,3,Lion,10,76.01
2025-08-26 20:31:48,1,Lion,4,68.24
2025-07-25 15:54:01,3,Dear,3,93.67
2025-06-02 02:13:00,3,Dear,3,69.75
2024-01-27 10:23:51,1,Tiger,5,66.75
2024-08-09 14:05:01,3,Bear,1,60.36
2024-07-11 08:02:48,1,Lion,10,68.89
2024-09-20 06:13:58,3,Tiger,3,65.83
2024-03-05 01:36:15,2,Dear,6,83.87
2025-11-15 21:59:16,3,Tiger,3,64.48
2025-02-08 19:54:22,1,Dear,5,78.86
2024-08-11 08:07:06,3,Elephant,9,53.29
2024-10-17 04:38:37,1,Dear,2,59.56
2024-11-22 21:43:16,1,Dear,2,70.37
2025-03-15 00:49:36,2,Dear,6,96.85
2025-01-11 23:04:47,2,Bear,6,68.86
2025-11-03 01:48:45,1,Dear,8,83.2
2024-12-29 06:43:37,3,Lion,2,62.75
2025-12-26 06:25:11,1,Lion,9,56.35
2025-09-14 09:23:57,1,Tiger,2,52.93
2024-06-01 10:06:30,3,Bear,1,65.27
2025-11-11 06:21:43,3,Tiger,10,57.88
2024-03-26 01:31:55,3,Lion,2,58.7
2025-08-20 13:20:14,3,Lion,7,88.04
2024-10-05 05:39:17,1,Elephant,8,50.79
2025-10-03 19:10:52,1,Dear,5,77.89
2025-09-26 13:11:10,2,Lion,6,68.97
2025-08-12 03:09:17,1,Tiger,1,75.33
2025-07-31 12:17:37,3,Tiger,6,78.14
2024-08-10 17:17:26,2,Dear,8,65.67
2024-02-29 03:38:52,3,Dear,3,64.76
2024-10-21 13:53:02,1,Elephant,1,86.67
2024-05-06 20:18:50,2,Bear,4,93.56
2025-05-23 00:13:18,3,Tiger,1,59.63
2024-09-09 23:58:24,2,Dear,8,54.88
2025-12-14 04:06:18,2,Tiger,5,94.89
2025-04-13 13:12:50,1,Dear,1,67.49
2025-08-24 05:35:55,3,Lion,8,77.57
2024-04-06 21:00:46,2,Tiger,9,67.98
2025-09-22 03:10:54,2,Lion,10,56.29
2025-11-05 12:51:06,3,Tiger,2,79.47
2024-12-22 01:00:51,2,Bear,9,76.26
2025-03-19 04:06:04,2,Elephant,8,60.15
2025-07-13 01:49:22,2,Lion,7,72.59
2024-05-07 19:22:07,3,Dear,3,89.85
2025-01-02 09:01:08,3,Bear,2,79.52
2024-10-18 10:08:38,3,Tiger,7,54.85
2024-04-16 23:59:07,3,Lion,5,77.4
2024-09-25 16:01:25,1,Tiger,6,85.14
2024-02-19 20:00:53,2,Tiger,4,89.64
2024-01-19 20:50:38,3,Tiger,2,81.46
2024-04-08 19:21:26,2,Elephant,9,57.63
2025-12-05 00:53:28,2,Elephant,3,85.51
2025-02-05 16:56:45,1,Dear,7,83.87
2025-12-07 00:23:01,3,Lion,8,51.22
2024-11-12 03:44:33,3,Bear,2,70.59
2024-08-15 22:30:07,2,Bear,6,66.65
2025-01-04 23:45:09,3,Bear,8,83.47
2024-11-17 06:47:34,2,Tiger,7,60.81
2024-03-18 05:46:52,2,Elephant,3,79.54
2025-04-13 10:39:24,1,Lion,1,95.66
2024-06-06 22:10:25,1,Tiger,6,89.89
2025-03-28 22:03:03,1,Elephant,8,96.07
2025-04-20 07:07:40,2,Elephant,6,98.93
2024-04-21 03:07:26,3,Lion,5,50.53
2024-02-14 20:19:04,1,Lion,8,81.14
2025-07-24 17:40:51,3,Lion,2,70.64
2024-12-02 02:44:18,1,Tiger,1,92.99
2024-02-12 12:25:32,1,Dear,1,62.59
2025-12-28 05:56:03,2,Lion,4,99.05
2024-02-12 05:42:07,1,Dear,6,80.69
2025-05-23 01:41:52,1,Tiger,9,89.68
2025-12-20 01:39:46,2,Dear,1,54.28
2024-06-23 20:10:32,3,Bear,1,59.17
2024-04-13 23:37:22,1,Dear,5,87.92
2024-03-29 17:34:38,2,Lion,10,51.1
2024-08-09 16:39:32,1,Tiger,5,90.84
2024-03-14 20:44:51,2,Lion,5,50.7
2025-05-20 23:16:42,3,Bear,10,82.86
2024-02-15 12:50:50,3,Lion,6,68.25
2025-01-07 09:18:06,2,Lion,8,80.57
2025-12-29 14:02:57,2,Lion,3,84.8
2025-08-18 00:17:39,2,Elephant,9,67.12
2025-03-25 17:24:34,3,Bear,1,55.4
2024-08-11 20:54:48,1,Lion,4,53.48
2025-04-01 01:37:42,3,Lion,9,79.45
2025-01-20 06:24:55,2,Lion,8,76.03
2024-11-07 11:12:24,2,Tiger,10,87.11
2024-04-05 13:10:58,3,Elephant,9,75.49
2025-10-10 02:35:02,2,Tiger,1,71.12
2024-11-24 19:01:18,3,Elephant,9,69.9
2024-05-22 06:27:26,2,Lion,3,51.32
2024-09-25 19:58:11,1,Bear,10,66.78
2024-10-29 17:29:32,1,Dear,9,98.8
2025-08-27 22:19:28,2,Dear,1,93.68
2025-06-20 06:31:49,3,Lion,1,66.47
2025-07-16 08:41:05,1,Tiger,9,79.39
2024-01-09 01:31:57,3,Bear,6,92.36
2024-10-31 05:00:20,2,Elephant,4,72.06
2024-12-17 20:42:05,3,Lion,7,50.9
2024-01-15 00:42:33,1,Bear,5,53.73
2024-07-08 22:09:46,3,Bear,10,75.52
2025-07-09 18:31:28,3,Elephant,7,98.47
2024-04-10 05:27:09,2,Bear,8,84.66
2025-01-26 07:28:50,2,Tiger,8,53.55
2024-06-06 07:30:05,2,Tiger,1,59.47
2024-01-09 20:38:48,1,Tiger,8,88.57
2024-06-25 07:38:17,1,Bear,6,92.07
2025-12-14 08:43:43,2,Tiger,4,80.88
2025-08-08 22:10:00,2,Elephant,8,82.22
2025-12-02 10:48:44,1,Bear,3,51.42
2024-12-22 14:54:40,1,Dear,4,91.43
2024-03-21 05:12:42,1,Bear,6,89.41
2025-02-04 13:24:04,1,Elephant,7,62.95
2024-11-28 03:35:44,2,Dear,4,85.43
2025-09-09 05:24:01,1,Bear,4,60.74
2024-03-12 16:45:38,2,Tiger,7,52.02
2024-12-22 21:42:08,3,Lion,6,60.06
2024-04-19 16:27:13,3,Lion,8,58.93
2024-08-25 08:06:51,1,Tiger,1,66.89
2025-06-23 00:11:32,3,Lion,10,70.92
2024-12-13 23:15:42,3,Lion,7,75.43
2024-10-01 18:35:02,3,Tiger,7,73.84
2024-10-15 08:41:30,1,Tiger,7,63.53
2024-12-01 20:32:02,1,Bear,7,51.46
2025-07-27 20:19:48,3,Bear,10,80.26
2025-10-14 02:44:00,2,Tiger,10,69.79
2025-11-29 08:23:29,3,Elephant,8,64.93
2025-07-29 05:25:58,1,Lion,9,93.35
2024-08-18 13:29:54,1,Bear,9,87.34
2025-05-18 00:38:06,1,Lion,2,92.89
2024-11-15 21:18:32,3,Dear,7,74.75
2024-07-05 03:56:28,2,Tiger,7,56.55
2025-09-06 16:15:02,1,Elephant,4,84.81
2024-01-29 02:09:06,1,Dear,9,60.3
2025-10-21 04:30:43,3,Dear,8,72.06
2024-12-03 08:09:37,2,Dear,1,53.25
2025-04-10 19:03:45,3,Tiger,2,91.27
2025-04-26 23:42:18,1,Bear,2,56.3
2025-10-16 07:56:43,2,Tiger,8,95.15
2025-04-10 09:43:57,2,Bear,1,93.21
2025-03-24 18:51:02,1,Dear,4,73.23
2024-02-18 17:20:36,2,Dear,10,87.22
2025-01-13 22:57:00,2,Elephant,5,80.97
2024-04-19 18:33:53,3,Bear,9,90.15
2025-06-23 01:32:16,1,Dear,7,71.59
2025-01-09 10:25:16,1,Lion,8,89.29
2025-05-12 05:54:57,1,Elephant,9,73.12
2024-01-31 11:06:33,1,Tiger,7,97.05
2024-03-02 23:35:27,1,Elephant,5,74.32
2025-06-07 15:10:38,2,Lion,5,73.13
2024-02-22 16:38:51,3,Bear,10,89.25
2024-02-22 02:07:40,1,Tiger,6,91.08
2024-01-09 20:25:51,3,Tiger,5,77.72
2025-11-30 04:51:36,3,Bear,9,58.99
2025-06-23 02:50:47,2,Elephant,3,73.39
2024-09-15 05:26:33,1,Dear,3,98.4
2024-08-04 18:25:12,2,Elephant,7,87.65
2024-09-12 15:11:36,1,Lion,7,90.56
2025-07-20 06:31:16,2,Dear,6,51.64
2025-04-28 11:05:08,3,Elephant,3,73.39
2024-05-15 09:04:15,1,Bear,7,82.33
2024-05-07 06:34:26,3,Lion,5,91.5
2024-03-12 22:15:11,3,Lion,7,52.46
2025-04-27 16:21:02,2,Lion,2,92.62
2025-07-12 18:09:13,1,Dear,6,77.42
2024-07-12 17:58:28,3,Tiger,8,59.87
2024-01-16 07:27:30,2,Dear,1,65.86
2024-03-01 01:37:10,1,Elephant,4,64.1
2025-12-08 12:08:10,1,Tiger,1,76.54
2024-08-03 23:16:59,3,Elephant,1,52.58
2025-07-16 07:15:02,1,Tiger,10,57.93
2025-04-01 15:05:50,3,Dear,8,90.63
2024-10-06 04:44:56,1,Lion,7,56.63
2024-05-30 08:34:38,2,Bear,10,61.67
2024-03-29 17:36:11,3,Lion,1,72.67
2025-03-25 13:47:14,3,Dear,2,75.86
2025-07-20 06:10:29,1,Tiger,4,88.18
2025-04-15 16:39:21,1,Lion,1,72.37
2025-01-22 15:37:13,3,Dear,3,89.49
2024-01-31 15:59:32,1,Elephant,8,80.92
2025-12-08 23:10:00,2,Bear,8,55.65
2025-08-06 20:38:29,1,Lion,8,57.82
2024-08-02 01:16:11,2,Tiger,6,71.85
2025-12-17 08:35:57,2,Elephant,6,69.84
2025-03-15 23:24:37,2,Dear,5,87.18
2025-03-01 18:01:22,2,Bear,9,79.04
2025-06-30 20:11:44,2,Tiger,4,69.41
2025-08-16 09:41:20,1,Dear,10,58.54
2025-04-24 21:15:37,2,Dear,7,61.34
2024-04-03 15:18:42,1,Lion,1,78.78
2024-09-04 06:33:54,2,Lion,9,71.17
2025-11-09 10:17:56,3,Tiger,7,75.75
2024-06-13 04:39:22,2,Dear,10,58.53
2024-09-29 01:17:53,3,Lion,9,83.15
2024-11-11 20:21:24,2,Bear,7,92.63
2024-11-17 04:55:15,2,Bear,2,62.9
2025-03-24 01:24:42,2,Dear,6,74.58
2025-11-20 09:19:20,3,Lion,10,98.78
2024-06-24 22:42:46,3,Tiger,4,66.66
2024-03-29 19:37:12,2,Tiger,3,79.75
2024-05-24 08:25:19,1,Tiger,2,54.51
2025-10-10 08:12:36,2,Bear,6,80.3
2025-04-17 02:06:16,3,Lion,8,54.48
2024-07-27 23:56:55,2,Lion,6,97.96
2025-08-19 10:58:22,3,Bear,9,85.78
2025-09-21 15:52:29,3,Tiger,5,89.41
2025-09-10 19:14:50,3,Tiger,2,85.21
2025-11-02 17:38:48,2,Dear,8,79.49
2024-07-03 09:18:58,3,Elephant,9,72.5
2025-07-05 22:27:19,3,Lion,10,92.92
2024-12-02 15:42:17,2,Lion,4,97.84
2025-09-07 12:01:20,3,Lion,6,74.95
2025-06-16 12:38:24,2,Elephant,10,96.58
2025-07-21 13:59:37,3,Dear,8,79.17
2025-04-24 15:42:11,1,Elephant,9,76.92
2024-05-09 16:48:37,1,Tiger,5,72.72
2025-02-02 09:57:07,3,Tiger,6,60.46
2025-12-20 19:02:44,1,Lion,4,50.19
2025-11-16 05:32:09,2,Bear,5,62.08
2024-02-01 13:26:24,1,Lion,7,75.49
2024-04-30 11:30:39,3,Bear,9,69.0
2024-04-06 07:02:58,3,Elephant,10,72.42
2025-06-14 16:35:28,2,Tiger,6,99.03
2025-08-20 19:13:32,3,Bear,6,67.51
2024-06-05 01:50:36,2,Elephant,8,72.61
2025-01-04 18:40:46,1,Tiger,4,56.68
2025-09-06 13:17:37,1,Bear,3,52.4
2025-06-19 16:16:12,2,Lion,7,88.77
2025-01-31 09:00:33,2,Lion,5,78.53
2025-03-07 13:03:34,3,Lion,2,88.04
2025-01-06 14:40:38,1,Elephant,2,57.49
2024-08-05 12:11:23,2,Lion,6,78.59
2025-02-17 00:44:44,1,Dear,8,62.68
2025-05-18 13:48:12,2,Tiger,1,61.4
2025-09-30 09:34:37,1,Elephant,6,50.58
2025-04-10 03:05:43,3,Lion,2,56.52
2025-07-10 09:06:57,1,Tiger,2,65.46
2024-04-27 00:17:48,1,Bear,7,55.84
2024-12-03 09:33:51,1,Lion,10,99.29
2024-01-07 19:42:50,1,Tiger,1,65.43
2024-06-29 07:44:02,1,Dear,6,56.52
2025-06-15 01:02:38,3,Bear,7,59.95
2025-12-26 00:18:48,2,Dear,8,79.39
2024-03-13 11:58:49,1,Tiger,7,53.2
2024-10-20 11:48:58,3,Dear,6,93.12
2025-08-07 20:26:41,1,Tiger,9,98.07
2024-05-29 03:36:04,1,Tiger,3,62.34
2025-02-09 18:24:36,2,Dear,6,72.5
2025-06-19 21:00:09,1,Tiger,4,51.11
2025-03-26 06:50:54,3,Lion,2,82.04
2024-05-17 10:42:21,3,Tiger,1,70.7
2024-09-16 18:52:00,2,Elephant,1,63.5
2025-07-26 22:50:34,1,Tiger,10,60.34
2025-02-09 03:20:59,3,Elephant,3,82.7
2024-01-04 19:44:54,1,Tiger,4,70.81
2025-07-10 06:49:18,1,Tiger,2,58.98
2024-01-26 19:30:08,1,Dear,1,84.46
2025-06-29 03:09:11,2,Lion,4,78.25
2024-05-28 00:19:08,1,Lion,7,92.93
2025-12-01 08:26:27,3,Bear,10,55.87
2024-09-25 23:09:08,1,Dear,6,89.28
2024-08-26 23:41:17,3,Dear,6,83.68
2024-04-18 20:05:30,1,Lion,9,55.75
2024-08-11 09:31:12,3,Dear,2,84.74
2025-10-02 19:57:38,3,Lion,4,72.08
2025-12-29 07:41:21,1,Dear,5,97.25
2024-09-26 05:37:20,1,Tiger,1,57.08
2024-11-23 22:25:29,3,Lion,8,82.14
2025-06-11 20:00:44,2,Lion,8,69.1
2025-10-09 19:25:06,1,Elephant,6,97.84
2025-03-09 12:22:10,2,Dear,5,66.5
2024-10-13 04:55:36,1,Dear,8,98.11
2024-10-28 15:02:14,1,Lion,3,95.07
2025-05-23 11:55:28,1,Tiger,3,63.52
2024-01-03 08:27:40,1,Tiger,2,90.18
2025-03-28 22:04:30,2,Tiger,5,99.78
2024-09-16 20:46:09,1,Dear,3,62.63
2025-08-03 13:23:51,3,Elephant,3,71.84
2024-03-08 23:25:39,3,Lion,6,76.01
2025-03-05 23:25:13,2,Bear,8,64.75
2024-12-17 14:11:17,1,Elephant,2,50.76
2025-04-14 12:57:31,3,Bear,4,61.01
2024-02-17 09:47:29,2,Elephant,7,64.1
2025-02-27 23:14:07,1,Tiger,1,72.18
2025-02-14 10:41:07,3,Dear,1,58.56
2025-02-13 20:13:13,3,Bear,10,93.66
2025-03-17 03:35:14,2,Elephant,7,85.25
2025-05-09 11:57:11,1,Dear,7,54.26
2025-08-11 10:43:36,1,Bear,1,82.5
2024-07-16 05:44:04,3,Lion,1,82.68
2025-08-26 02:39:59,3,Elephant,4,97.81
2024-12-30 05:23:51,3,Lion,5,50.15
2024-02-26 07:54:37,1,Tiger,5,62.4
2024-02-12 19:13:02,2,Lion,4,96.39
2024-09-01 07:52:37,2,Lion,8,96.61
2025-07-27 18:13:56,1,Elephant,7,86.03
2025-06-01 07:33:14,2,Tiger,9,88.29
2025-07-30 11:27:38,3,Lion,7,54.57
2025-01-13 02:58:05,2,Dear,10,75.69
2024-11-17 18:51:03,2,Bear,1,61.58
2024-04-17 18:54:25,2,Lion,7,59.06
2024-08-27 21:48:48,3,Tiger,1,90.52
2024-11-13 06:26:08,1,Lion,7,56.75
2024-03-05 18:24:21,3,Bear,10,73.43
2024-06-10 06:24:57,1,Tiger,8,96.93
2025-03-13 07:15:51,1,Elephant,9,59.29
2025-06-21 18:28:24,1,Tiger,3,98.9
2025-12-30 19:00:30,2,Elephant,4,99.71
2025-11-13 02:32:24,2,Tiger,4,77.78
2025-04-14 17:09:49,1,Bear,9,58.51
2024-11-03 22:22:32,1,Bear,7,65.81
2025-04-10 01:05:43,2,Tiger,3,71.22
2025-07-28 07:28:18,3,Lion,10,65.47
2024-03-27 12:05:24,1,Bear,5,64.03
2024-10-26 15:22:16,3,Elephant,7,98.61
2025-09-05 21:29:27,2,Elephant,8,57.67
2024-10-07 13:57:54,1,Dear,1,86.67
2025-02-22 00:55:37,3,Elephant,2,50.02
2025-03-05 15:49:31,3,Dear,7,79.81
2024-05-14 20:27:04,3,Tiger,2,95.8
2024-09-21 19:03:30,2,Tiger,7,64.4
2024-09-01 12:39:57,2,Tiger,9,59.28
2024-01-20 03:35:42,3,Lion,2,82.58
2024-01-18 16:25:13,3,Lion,7,85.63
2025-08-30 23:17:33,2,Dear,4,84.4
2024-07-18 14:45:15,3,Elephant,2,65.97
2025-01-13 17:10:25,3,Elephant,7,62.61
2024-08-06 08:50:28,2,Tiger,5,97.8
2025-11-18 15:16:35,3,Bear,1,96.16
2024-07-08 13:06:08,3,Lion,5,72.87
2024-11-10 01:53:56,3,Lion,3,92.31
2025-09-29 23:10:45,2,Tiger,7,72.62
2025-09-07 10:52:56,3,Lion,6,71.22
2024-05-16 00:57:47,2,Tiger,8,57.84
2025-08-09 17:34:26,2,Dear,5,71.32
2024-11-30 22:25:50,1,Elephant,2,76.87
2024-12-19 01:12:20,1,Bear,9,51.13
2024-04-07 13:46:21,3,Elephant,8,72.21
2024-02-28 22:04:22,2,Elephant,6,89.07
2025-06-16 02:58:01,1,Dear,10,84.0
2024-12-28 21:54:51,3,Lion,7,81.76
2024-11-15 08:06:30,1,Bear,9,95.48
2025-06-17 06:29:31,1,Lion,7,50.9
2025-07-13 14:09:29,2,Elephant,3,77.85
2024-04-26 03:53:05,2,Tiger,6,89.37
2025-03-22 01:47:23,1,Elephant,7,77.07
2024-04-08 22:39:07,1,Lion,2,66.19
2025-07-03 06:07:27,2,Elephant,3,56.81
2025-04-25 05:37:15,3,Tiger,4,94.38
2025-11-30 06:50:47,2,Dear,10,73.54
2024-02-20 09:47:57,1,Lion,6,93.91
2024-02-11 16:58:04,3,Elephant,1,79.29
2024-07-25 06:41:23,1,Lion,9,83.71
2025-12-27 14:55:20,3,Tiger,4,53.24
2025-12-31 15:43:11,1,Tiger,4,62.7
2025-12-30 02:58:28,3,Tiger,5,62.34
2025-12-29 04:34:27,3,Elephant,7,84.82
2025-12-26 02:12:39,2,Bear,7,85.61
2025-12-26 02:12:24,1,Bear,4,57.4
2025-12-25 09:45:27,2,Tiger,7,99.89
2025-12-31 01:31:02,2,Bear,3,63.34
2025-12-29 04:59:13,2,Bear,6,98.83
2025-12-29 22:57:21,2,Tiger,2,70.55
2025-12-25 03:27:28,2,Bear,10,51.65
2025-12-31 18:56:40,2,Dear,9,67.25
2025-12-30 19:51:00,2,Lion,5,81.72
2025-12-26 11:40:21,1,Lion,6,84.04
2025-12-26 06:32:46,3,Tiger,4,76.55
2025-12-26 06:48:42,2,Elephant,10,72.39
2025-12-27 03:06:44,2,Tiger,7,77.64
2025-12-28 16:09:31,2,Elephant,9,79.63
2025-12-28 00:33:59,2,Lion,7,54.04
2025-12-27 00:55:34,2,Tiger,1,68.48
2025-12-29 06:47:27,2,Dear,1,62.11
2025-12-25 23:26:04,3,Bear,9,90.16
2025-12-27 01:04:48,3,Elephant,9,73.52
2025-12-27 13:32:54,2,Bear,4,99.17
2025-12-28 04:37:10,3,Bear,9,69.94
2025-12-30 11:54:33,1,Tiger,3,90.82
2025-12-26 09:32:41,2,Bear,7,89.92
2025-12-28 14:23:27,1,Dear,6,57.54
2025-12-29 03:31:31,1,Bear,8,75.41
2025-12-25 07:48:12,2,Tiger,9,84.79
2025-12-29 06:04:02,3,Dear,5,92.92
2025-12-26 04:38:51,1,Lion,1,66.3
2025-12-25 10:55:42,2,Bear,3,61.01
2025-12-31 15:24:44,1,Tiger,10,85.56
2025-12-31 18:13:33,1,Lion,8,90.48
2025-12-30 15:48:37,1,Lion,6,67.43
2025-12-27 03:10:29,1,Elephant,8,54.81
2025-12-25 16:24:31,3,Dear,9,97.03
2025-12-29 18:57:03,1,Bear,4,69.88
2025-12-28 01:56:43,1,Tiger,1,75.89
2025-12-31 08:59:19,3,Elephant,6,71.17
2025-12-31 22:49:00,3,Lion,2,69.74
2025-12-31 17:34:03,2,Lion,10,64.67
2025-12-31 14:22:03,3,Tiger,2,50.7
2025-12-31 03:44:39,2,Lion,10,59.94
2025-12-31 03:44:36,2,Dear,4,85.57
2025-12-31 01:23:37,3,Lion,8,89.51
2025-12-31 20:47:16,2,Elephant,7,80.3
2025-12-31 14:25:35,3,Elephant,9,96.32
2025-12-31 16:59:36,3,Elephant,8,82.55
2025-12-31 00:29:37,1,Elephant,5,95.75
2025-12-31 23:16:39,3,Dear,2,92.5
2025-12-31 19:58:42,1,Bear,5,72.47
2025-12-31 05:05:45,3,Tiger,8,54.77
2025-12-31 04:21:48,3,Elephant,10,68.54
2025-12-31 04:24:05,1,Lion,9,83.44
2025-12-31 07:18:05,1,Elephant,9,83.3
2025-12-31 12:35:37,3,Lion,1,79.56
2025-12-31 10:21:59,2,Lion,9,63.74
2025-12-31 06:59:21,1,Elephant,7,78.06
